,code,2017_2,2017_3,2018_1,2018_2,2018_3,2019_1,2019_2,2017_2_roe,2017_3_roe,2018_1_roe,2018_2_roe,2018_3_roe,2019_1_roe,2019_2_roe,2019_3_roe,2019_3_start,2019_3_true_end
0,600000.0,1.0070093457943927,0.9796172397697216,0.961340206185567,0.9924198250728862,1.0227739406384169,1.0006909656244602,1.018784334573808,3.4699999999999998,2.76,3.34,3.1400000000000006,3.0,3.36,3.15,2.439999999999999,12.664000000000001,12.788
1,600004.0,0.9902294596595116,1.057726999398677,1.0063424947145876,0.9492231299054942,0.9022690727175272,1.0278010617490918,1.0555202373384192,1.88,2.58,2.8,1.6800000000000006,1.3599999999999994,1.41,1.2500000000000002,0.9499999999999995,18.962,18.282
2,600009.0,1.0301857585139318,1.0702619261029778,1.062619563831144,0.9674132219501658,0.9374427131072409,1.01596877217885,0.9884030240806422,3.9000000000000004,3.83,3.89,3.8699999999999997,3.800000000000001,4.69,4.3999999999999995,3.8000000000000016,75.814,78.21600000000001
3,600010.0,1.0244252873563218,0.9878141660319878,0.9780743565300288,0.9754521963824292,1.0298701298701298,0.9698996655518392,1.0173333333333334,0.81,1.66,1.27,1.5299999999999998,1.6400000000000006,0.91,1.02,0.2799999999999999,1.412,1.344
4,600011.0,0.9824414715719064,0.983065693430657,1.0316786414108423,0.9972398564725364,1.0254346426271732,1.0018192844147966,1.0000000000000002,0.2499999999999999,2.62,1.58,1.21,-0.33000000000000007,3.08,1.3499999999999996,1.5300000000000002,5.741999999999999,5.752000000000002
5,600015.0,0.9860764754779718,0.9688964635705156,0.9791523482245134,0.9958180867746992,1.0020035061357375,0.9833491912464322,1.019003029468466,3.3000000000000003,2.53,2.64,3.0500000000000003,2.3299999999999987,2.15,1.9499999999999997,1.7300000000000004,7.572,7.675999999999998
6,600016.0,0.9912093133760992,1.0152897657213318,0.9979381443298968,1.00737512571237,1.0105028644175682,0.9940754599314,1.0295837633298932,3.7399999999999998,3.1399999999999992,3.88,3.5700000000000003,2.919999999999999,3.61,3.0100000000000002,2.64,6.166,6.234
7,600018.0,1.0102135561745589,1.0535575679172058,0.9856363114047688,0.947832217130772,1.02710843373494,0.964557564224548,1.0234079173838209,3.7399999999999993,2.1100000000000003,2.3,2.62,2.37,2.41,3.2199999999999998,2.7700000000000005,5.837999999999999,5.906000000000001
8,600019.0,1.0133982947624849,1.0140478668054111,0.9813043478260872,0.9448310139165012,1.0021175224986765,0.9784424683373756,1.0214577656675747,1.6100000000000003,3.3599999999999994,2.96,3.1100000000000003,3.1400000000000006,1.52,2.08,1.48,5.8519999999999985,5.68
9,600023.0,0.9967260822117132,1.000373552484124,0.9976617303195634,1.0283215326947106,0.9817503110742429,0.9863070539419088,1.0004965243296924,2.5299999999999994,2.2300000000000004,0.93,3.0,2.15,1.68,2.3500000000000005,1.7199999999999995,3.9,3.8960000000000004
10,600027.0,0.9814013840830448,0.9756880733944956,1.0325960419091966,0.9580272822665268,1.0636411058946271,0.9679926840420666,0.9964176049129988,-0.53,-0.05999999999999993,1.61,0.7,0.8499999999999999,1.46,1.5,1.33,3.584,3.654
11,600028.0,0.9877442861874794,1.030570652173913,1.0105324751316558,0.9885864793678664,1.0022321428571428,0.9838042729152308,1.0192693697310318,1.48,1.5899999999999999,2.51,3.25,2.540000000000001,1.99,2.33,1.64,4.95,4.926
12,600029.0,1.025069637883008,1.06955693187232,1.0503308602366153,0.9431884057971014,1.0330992978936808,0.9990335829910608,1.0222355769230769,2.6799999999999997,7.760000000000001,4.81,-0.6699999999999999,2.16,4.12,-1.44,3.5599999999999996,6.7040000000000015,7.08
13,600030.0,0.993939393939394,0.9720224719101124,1.0127852916314453,0.9937911337389792,1.0173369501120415,0.9858835391983868,1.044115020539382,1.8499999999999999,1.97,1.77,1.9300000000000002,1.08,2.69,1.44,2.440000000000001,22.072,22.488000000000003
14,600031.0,0.9586614173228346,0.9987623762376232,1.00278940027894,0.9688801227262764,0.9827327327327328,1.0011549249298797,1.0355359765051395,1.63,2.45,5.48,6.629999999999999,4.0,8.31,8.74,4.579999999999998,13.816,14.056
15,600036.0,0.9915586819696408,1.0095860890242996,1.0111681465038844,0.9844748858447488,0.9784654973928352,0.9985764719280265,1.0135103792183693,4.619999999999999,4.0600000000000005,4.57,4.359999999999999,3.880000000000001,4.45,4.46,4.039999999999998,35.97199999999999,37.78
16,600038.0,1.014223608354598,0.95432620480642,0.977070698679073,1.0433379193565455,0.9700185725656671,0.9815908461751408,1.0541989528795814,1.2000000000000002,1.6399999999999997,0.96,1.4700000000000002,1.6800000000000002,1.0,2.08,1.9799999999999995,45.128,45.09400000000001
17,600048.0,1.032176778445435,1.0091708777840165,0.9670474516695956,0.9847277556440904,1.058763759525826,1.0022488755622192,0.9702363998860724,4.1,2.61,1.73,4.210000000000001,2.559999999999999,1.86,6.05,2.0700000000000003,14.682,14.76
18,600050.0,0.9652726828075324,1.0688304420817014,1.0105708245243128,0.9897743300423131,1.0055534987041836,0.9747778733161364,1.016476126429052,0.64,0.67,0.94,0.9300000000000002,0.6200000000000001,1.14,0.99,0.8900000000000003,6.144,6.086
19,600061.0,0.99358508835633,0.9555471124620062,1.0164156371636486,0.9630127774041696,1.1429640718562877,0.9870276367738297,1.0361094038106944,2.53,2.2199999999999993,1.36,0.9099999999999999,0.72,3.22,1.2200000000000002,1.899999999999999,12.334000000000001,12.452
20,600066.0,1.0060709542781257,1.0012015379685997,0.9859609182318346,0.9668891170431212,0.8998680303530188,0.9636597938144329,1.030909090909091,4.34,7.720000000000001,1.86,2.2399999999999993,3.58,1.82,2.37,3.6499999999999995,14.244000000000002,14.606
21,600068.0,0.9821092278719395,0.9564535111808552,0.975350410826486,0.96048632218845,1.0220658778381837,0.9677063207286779,1.1007723427730784,2.5000000000000004,2.04,1.83,2.9299999999999997,1.9300000000000006,1.6,2.6599999999999997,2.770000000000001,5.747999999999999,5.9540000000000015
23,600089.0,0.998798558269924,1.0119736579525045,0.9905660377358488,1.007106899615043,1.0105293945598128,0.9721469065812176,1.0105231509320505,2.2299999999999995,1.58,1.68,2.79,1.5200000000000002,1.35,1.73,1.71,6.4639999999999995,6.518000000000002
24,600104.0,0.978608556577369,0.9627695521287708,1.0200793101277774,0.990228013029316,0.9851314466312312,0.9803907484556816,1.0121901994025997,3.92,3.67,4.14,4.47,3.380000000000001,3.36,2.44,2.7000000000000006,23.57,23.844
25,600109.0,1.0096618357487923,0.9579846893359444,1.025247758376593,0.9918032786885248,1.0592261904761904,0.969361856417694,1.0218764095624722,1.4499999999999997,1.71,1.42,1.19,1.0700000000000003,2.0,1.0899999999999999,1.2199999999999998,8.61,8.588
26,600111.0,1.0283102004846882,0.9449152542372882,0.9882001258653242,0.9828693790149892,1.0574494949494948,0.959915611814346,1.011418685121107,0.44000000000000006,2.64,1.22,1.22,1.74,1.27,1.5699999999999998,1.9900000000000002,10.154,10.176
27,600115.0,1.002288329519451,1.0180419994084593,1.0662562298446203,0.9781073446327684,1.0462046204620459,0.9761494252873564,1.03876272513704,2.79,6.090000000000001,3.58,0.5199999999999996,3.6500000000000004,3.58,-0.1200000000000001,2.96,5.222,5.4700000000000015
28,600118.0,1.0064544201900067,0.9703923555812944,0.97086297026309,1.0323649618910855,1.0110655228148704,0.9695770467474646,1.067049977885891,2.4,-1.9899999999999998,1.14,2.21,1.6900000000000002,1.18,2.25,1.3000000000000005,21.08,21.331999999999997
30,600170.0,1.005667181865018,1.0115546218487397,1.0016629711751663,0.9837662337662341,1.0142566191446027,0.9930740543420352,0.9838799332962757,2.91,2.2199999999999998,1.95,2.96,1.4200000000000002,4.07,2.09,2.2300000000000004,3.4120000000000004,3.466
31,600176.0,0.986434108527132,0.9775715390564578,1.0069970012851637,0.9686022318895404,0.9800370446593948,0.9912964641885768,1.048567265662943,4.759999999999999,4.2299999999999995,4.75,4.970000000000001,4.289999999999999,3.39,3.8699999999999997,2.980000000000001,8.068000000000001,8.658000000000001
32,600177.0,0.9929259186480642,0.9881463314939708,0.974187380497132,0.9980259447264526,1.0189716799560078,1.0094901787684838,1.0268521514073117,3.2800000000000002,2.5600000000000014,2.05,4.0600000000000005,2.919999999999999,2.58,4.68,4.15,6.507999999999999,6.76
33,600188.0,1.0228125469007951,0.9773873434195542,0.9635932487097222,0.9553258584442887,0.9237150586113616,0.9874913134120918,1.1496741643893211,2.48,2.5900000000000003,3.64,3.9199999999999995,1.69,3.63,4.659999999999999,2.210000000000001,10.54,10.580000000000002
34,600196.0,1.0111705368627717,1.0011298324900528,1.0262559437667975,0.9086004642117812,0.8998049052396877,0.9993061819191008,1.0121489316086614,3.61,2.6300000000000012,2.72,3.3799999999999994,1.2400000000000002,2.48,2.7899999999999996,1.4600000000000009,25.331999999999997,26.182
35,600208.0,0.996806569343066,0.9750792931581334,1.021883920076118,0.9899053627760253,1.0419720186542307,0.963317384370016,1.0313807531380752,0.32000000000000006,3.96,2.37,2.05,0.9400000000000004,2.35,2.6,1.9999999999999996,3.886,4.7200000000000015
36,600233.0,0.9863780359028512,0.9848624700018462,1.0092110532639167,0.9493424257184606,1.0141606111421653,0.9744473155325868,0.9868559411146162,4.88,3.790000000000001,3.28,4.880000000000001,4.01,3.07,4.109999999999999,3.7400000000000007,12.777999999999999,12.99
37,600271.0,1.0141571443017494,1.003731741123787,1.0512097118919383,1.0481835829173598,0.9763721388136846,0.9630561930850672,1.0467863454562367,2.0599999999999996,5.2799999999999985,0.97,2.8499999999999996,4.420000000000001,4.4,1.7399999999999993,3.7500000000000018,21.084000000000003,21.26
38,600276.0,1.0738479643999852,1.039067250395233,0.9779366652508376,0.943820876475536,1.0401737242128122,1.0193911991339235,1.024697763710891,5.37,4.619999999999998,5.79,5.39,4.510000000000001,5.83,5.25,5.049999999999999,91.08,91.314
39,600297.0,1.027061855670103,0.9861048857014793,1.002983293556086,0.9506517690875232,0.9663236669784844,0.9573745756318373,1.0055752660922457,4.04,3.17,3.05,2.76,2.7199999999999998,2.12,1.9399999999999995,1.8800000000000008,3.7,3.592
40,600299.0,0.9944562204467632,0.9782570881892504,1.0423082905584071,0.9929859719438876,1.0094951732869126,0.9297866205305652,1.031110246937585,2.1100000000000003,2.4799999999999995,2.61,1.1400000000000001,1.4899999999999998,2.18,1.7399999999999998,1.9500000000000006,10.31,10.57
41,600332.0,0.9955816311748514,1.003266742053022,1.1214307931570762,1.0202116878729874,1.0404075091575091,1.0385602867800223,0.9876154379971172,3.7,1.67,4.57,7.969999999999999,3.3200000000000003,6.09,4.73,2.25,34.248000000000005,34.751999999999995
42,600339.0,1.010690789473684,0.9805707346690956,0.9785676947203348,1.033003300330033,0.9854105877448937,0.9532631578947368,1.0064516129032255,1.5499999999999998,-0.22999999999999998,-0.12,0.63,1.7400000000000002,0.28,0.06,1.41,3.592,3.53
45,600352.0,1.002164502164502,0.974630021141649,1.0172066630056749,0.9700486709097716,0.9981929071606056,0.9686248331108144,1.0437883326201685,3.25,5.0600000000000005,5.54,4.8500000000000005,5.96,5.86,5.579999999999999,4.990000000000001,14.024,14.1
46,600362.0,1.0338074623788909,0.9508982035928144,0.9909565217391304,0.9736118746564048,1.014067463318711,0.9756556657046056,1.0245364561550256,0.6200000000000001,1.5399999999999998,1.58,1.0499999999999998,1.5099999999999998,1.47,1.0999999999999999,1.45,14.228,14.412
47,600369.0,0.9960578186596584,0.9629106322854116,1.02865329512894,0.9805510534846033,1.1123287671232875,0.961215932914046,1.0085763293310464,1.7999999999999998,1.12,1.35,0.25,-0.040000000000000036,2.16,0.41999999999999993,0.9199999999999999,4.51,4.508
48,600372.0,1.0165438956647748,0.959360845495722,0.9432996288237552,1.055045871559633,1.0112575914679307,0.9577600772387156,1.0916019955654104,2.8200000000000003,1.1599999999999995,-0.84,2.9,1.31,-0.49,2.71,1.2100000000000002,13.844000000000001,13.938
49,600383.0,1.0112092391304348,0.9961049957662998,0.9911691981631934,0.9982222222222222,1.0809968847352025,0.9934736498613151,0.9905918576804652,0.96,2.9099999999999997,2.63,3.26,6.1499999999999995,3.12,4.54,3.379999999999999,12.23,12.145999999999999
50,600390.0,0.9982068141063956,0.9864191942055229,0.9859613428280771,0.9976786174877484,1.0266376732807827,0.9771849126034956,1.0538566864445458,1.88,3.46,1.7,1.9200000000000002,1.5400000000000003,3.06,2.0100000000000002,2.6399999999999992,7.644,7.757999999999999
51,600398.0,1.049197635135135,0.9431862553689964,1.0370743163898677,0.9423339177868694,0.8519230769230769,0.9935195530726256,0.9919393077287812,10.17,4.919999999999998,9.18,9.469999999999999,2.59,8.61,8.05,3.169999999999998,7.707999999999999,7.848000000000001
53,600415.0,0.9916759156492786,1.0060396893874028,0.9964384645825088,0.9869565217391306,1.0076965365585488,0.9583333333333331,1.018440463645943,3.3,1.6999999999999993,6.08,4.02,1.0600000000000005,1.67,3.83,2.619999999999999,3.866000000000001,3.906
54,600436.0,1.0017142648721598,1.0372848948374762,1.0444245810055863,0.9553130929791268,0.9347080709092236,0.9889172018989106,0.9878277708617385,5.43,5.200000000000001,7.34,6.6,5.590000000000002,7.33,5.359999999999999,4.970000000000001,107.92200000000001,108.91
55,600438.0,1.0471389645776568,0.9871408479003416,1.0265893983296404,1.0534400000000002,1.1075120606478293,0.9917503093633988,1.0204383487965578,4.289999999999999,5.35,2.34,4.4,4.8100000000000005,3.05,5.78,4.199999999999999,12.894,12.91
56,600482.0,0.993585284797898,1.0409746161078033,0.9779346150726048,1.1126913473021387,1.0012336306699559,0.9503585217870932,1.0317317888897952,1.3200000000000003,0.9499999999999996,0.78,1.5199999999999998,1.4799999999999998,0.68,1.3399999999999999,0.67,20.986,21.296000000000006
57,600487.0,0.9993699243909268,1.0291476021013386,1.0090551426965593,0.9614819650726294,0.8890518596123623,0.95618252744262,1.0575628520401152,7.789999999999999,4.16,4.57,6.029999999999999,6.9399999999999995,3.47,2.0499999999999994,3.310000000000001,14.813999999999998,15.884
59,600498.0,1.0341470609926986,1.023128574981348,0.9800640279394648,0.964552115651198,0.9774777975133216,0.9571221388486032,0.9985714285714284,4.2299999999999995,0.3300000000000003,1.44,3.4099999999999997,1.1600000000000001,1.63,2.62,1.79,26.598000000000006,26.842
60,600516.0,1.029024554528198,1.0554337139832108,1.0577233895174325,0.9492593223224928,1.0311909262759924,0.9355157974876284,1.0814871893662106,5.38,17.85,16.19,16.109999999999996,7.880000000000003,5.32,4.879999999999999,2.7700000000000014,10.824000000000002,11.118
61,600519.0,0.9846593356577996,1.0567621144630597,0.9841109554035116,0.9706135414027002,0.8700524551444471,1.0045538785187162,1.0221118128453288,7.129999999999999,8.81,8.51,8.360000000000001,7.289999999999999,9.04,8.34,6.93,1184.02,1199.5919999999999
62,600522.0,1.0062122519413288,0.9496392283905171,0.9491231451146656,0.9665134602757716,1.002738225629792,0.9659027389603128,1.0548943405392277,2.9,2.7499999999999996,2.49,3.3599999999999994,2.83,2.54,2.8499999999999996,1.5700000000000003,8.162,8.200000000000001
63,600535.0,0.9891184355779848,1.0244562276809868,1.0211014598208197,0.9963060686015832,1.000793021411578,0.9834146341463412,0.9737170046448398,5.470000000000001,4.08,4.11,5.97,3.1099999999999994,4.07,4.109999999999999,1.9900000000000002,14.857999999999999,15.21
64,600547.0,1.026532590259268,0.9883828996282528,0.9872710557952056,1.0,1.0057664944207296,0.9826842743565559,0.9997460381958554,1.81,1.6399999999999997,2.08,1.54,0.020000000000000018,1.66,1.3499999999999999,1.2500000000000002,32.258,31.128
65,600566.0,1.013030060578352,0.9761349275784972,1.017206962631747,0.9432062234524888,0.9882980299214932,0.9847010487620282,0.9860548509197156,8.71,6.96,9.58,8.749999999999998,7.430000000000005,8.54,9.11,4.850000000000001,24.746,24.392000000000003
66,600570.0,1.0845860972641992,1.0152838427947597,1.0212631228128644,1.0261413843888068,0.9304890493759322,0.9825333516710218,1.0785618098572582,7.11,1.6600000000000004,1.81,7.609999999999999,1.9000000000000008,11.06,7.35,2.6799999999999997,79.188,77.25000000000001
67,600583.0,1.0031210986267167,1.0006457862447529,0.9405778069599472,1.0314444808385197,0.976809557273366,0.9590163934426228,1.0263862332695983,1.6099999999999999,0.44000000000000017,-1.58,0.78,0.18999999999999995,-1.15,-2.0900000000000003,0.3600000000000003,5.872000000000001,6.256
68,600585.0,0.9731678685225558,0.9678693505507028,1.02016296913103,0.967994045403796,0.9930385930630192,0.9946279347393552,1.068473031147126,5.629999999999999,3.4100000000000006,5.07,8.42,6.49,5.11,7.71,5.839999999999999,42.29,43.962
69,600588.0,1.165217391304348,1.0247590414713943,0.8697687224669602,1.0355650017711653,0.9927418039471536,0.9945893952146208,1.0548577761359437,1.7799999999999998,-3.84,-1.85,3.97,0.33000000000000007,1.3,6.4,-0.5300000000000005,30.4,29.531999999999996
70,600606.0,1.0002623294858344,0.9981293425975416,1.004740658114891,1.0,1.0409614082599865,0.9951612903225804,1.0252450252450251,3.5,2.870000000000001,5.28,4.12,4.090000000000001,5.91,6.08,3.299999999999999,6.888,6.777999999999999
71,600637.0,0.992191963435536,1.0,1.0039887376818395,0.9892150988615938,1.0203397407241843,0.9683288409703504,1.0238749207690685,2.9699999999999998,-0.76,1.56,2.9099999999999997,0.9300000000000006,1.95,1.8299999999999998,0.8,9.064,8.927999999999999
72,600660.0,0.9976517655244388,1.0093833780160857,1.000772930264514,0.9872799193360736,0.928241927216812,0.98046875,0.9972224711047398,4.25,3.9099999999999997,2.9,6.93,6.01,2.92,4.64,3.670000000000001,21.624000000000002,22.376
73,600663.0,0.9756853785900784,0.9883271822161188,1.0087992871463576,0.9945461628359956,1.0124885775205603,0.9723607197051812,1.016874016874017,5.35,1.98,4.58,8.16,1.9900000000000002,5.13,7.28,2.3100000000000005,13.748,13.638
74,600674.0,0.9902912621359224,1.0054347826086958,0.9966024915062286,0.9812423873325216,0.9950556242274414,0.9910873440285204,0.9860154033238752,2.23,6.9399999999999995,3.56,1.6199999999999997,6.34,2.89,1.7799999999999998,5.390000000000001,9.716000000000001,9.95
76,600690.0,0.9961571306575576,1.0259661835748797,1.002514573094068,0.9870848708487088,0.9608406410644088,0.982336642807666,1.021039127645927,8.95,3.7299999999999995,5.84,7.93,3.400000000000002,5.2,7.010000000000001,5.099999999999997,15.992,18.122
77,600703.0,1.0288823349944063,1.0404961984793917,0.971083172147002,0.9836225861647518,1.030227803738318,0.9987007362494588,1.0662962962962963,4.54,4.1899999999999995,4.67,4.32,3.1500000000000004,2.84,1.2999999999999998,1.1900000000000004,15.175999999999998,15.482000000000001
78,600704.0,1.0182599355531692,0.9613722998729354,1.004169339320077,0.9715864246250984,1.0437384898710866,0.9736397431564716,1.0363636363636362,2.8599999999999994,2.49,3.7,2.0699999999999994,2.5,3.66,2.8999999999999995,2.87,5.654,5.672000000000001
79,600705.0,1.001304631441618,1.029100529100529,1.0056306306306304,0.9924977934686672,0.9918244406196212,0.9628792769528726,1.049166310389055,3.3899999999999997,2.6800000000000006,3.28,3.2900000000000005,2.2999999999999985,2.71,2.4400000000000004,2.1499999999999995,4.644,4.634
81,600760.0,0.9804537741185344,0.9175555957331404,0.9932826029913407,1.0486881106597872,0.9753557792433182,0.972216984097052,1.1530210713379032,-4.220000000000001,-3.23,-0.31,1.69,2.83,2.45,2.7199999999999998,2.1100000000000003,29.502,29.324
82,600795.0,0.9812981298129811,1.001778304682869,1.0070224719101124,0.9829984544049456,1.0116375727348297,0.9867549668874172,1.0056864337936635,1.5100000000000002,1.2099999999999995,2.28,1.3400000000000003,1.3899999999999997,2.62,1.5999999999999996,1.2800000000000002,2.344,2.34
83,600809.0,0.9945080876989746,1.0464866028193265,1.0022021581149527,0.9555205831193572,0.8846258061019892,0.9871586868721736,1.0414164534805441,3.360000000000001,3.5,11.93,4.629999999999999,4.540000000000003,12.35,5.4,5.629999999999997,89.15,91.494
84,600816.0,0.9986011812247436,0.9854086981158804,0.9708296943231441,0.9059656218402424,1.0049220672682528,0.9597177300793884,1.057609630266552,3.87,7.000000000000001,7.09,0.16000000000000014,-7.08,2.43,-2.3400000000000003,-2.9299999999999997,4.35,4.3519999999999985
85,600837.0,0.988210636625622,0.9846467391304348,1.0093441466854725,0.983841181902124,1.0447530864197532,0.999430767041412,1.0621345029239768,1.5799999999999998,1.72,1.45,1.14,0.4500000000000002,3.07,1.44,1.44,14.292000000000002,14.508
86,600867.0,1.0239566395663962,0.9824007220216606,1.0782325792539909,0.8919878825864409,0.9007004532344457,0.98726034308779,1.0373177173039383,5.02,4.82,5.7,5.659999999999999,2.740000000000001,5.47,5.500000000000001,2.7699999999999987,16.285999999999998,15.594000000000001
87,600886.0,0.982754046166092,0.9827225130890052,1.018214392355927,0.9887157442235356,1.0050618672665916,0.9852550157118684,0.9795123950010246,1.1599999999999997,5.459999999999999,3.08,1.67,4.960000000000001,2.7,3.2699999999999996,4.840000000000001,8.504,8.672
88,600887.0,1.0377688407064174,0.9845533915379449,0.9165147904107668,0.8863428047662695,0.9036667212309708,1.0018997707173272,0.9973620270739326,7.799999999999999,5.630000000000001,7.72,6.330000000000001,5.05,8.64,6.229999999999999,8.25,28.236,29.581999999999997
89,600893.0,1.03967112024666,0.9469020948041263,0.9645890312365052,1.0268456375838926,1.0085686805980592,0.9738993710691825,1.0515784026220456,1.58,0.41999999999999993,-0.22,1.6099999999999999,1.1000000000000003,0.01,1.2,0.24,21.191999999999997,21.096
90,600900.0,0.9923462655054104,0.9921797418073488,0.9962700484893696,0.9876972784888776,0.9812413445801332,1.002272455447913,0.98041706361808,4.65,6.909999999999998,2.05,4.6000000000000005,6.38,2.0,4.29,5.989999999999999,17.712,17.994
91,600919.0,0.9900339750849376,0.9745947253810792,0.9969393433500278,1.0031816735602928,1.014097744360902,1.0002788622420524,1.0189132392674871,3.68,3.14,2.87,3.0199999999999996,2.6800000000000006,2.95,3.26,2.8500000000000005,7.124,7.297999999999999
92,600926.0,0.9879518072289156,0.9895913056788612,1.0179115171054989,0.9816767068273092,1.0108805668016192,1.000689496667433,1.0214303513580858,3.01,2.580000000000001,2.83,2.7199999999999998,2.3500000000000005,3.04,3.0300000000000002,2.549999999999999,9.058000000000002,9.354
93,600958.0,0.9824958323410338,0.9850823045267489,1.0061512884455528,0.9949783154530928,1.011969532100109,0.9775415738042174,1.020412207689259,2.23,2.0100000000000002,0.83,0.5599999999999999,0.36,2.36,-0.06999999999999984,0.9699999999999998,10.102,10.126
94,600977.0,0.9883643617021276,0.9564267647735112,1.0041120534566947,0.9941051995163244,1.073663853727145,0.9362268400040944,1.0406424581005584,3.1700000000000004,0.9699999999999998,3.18,3.2499999999999996,5.370000000000001,3.02,2.85,1.5300000000000007,13.602,13.562
95,600998.0,1.0114001753873136,0.9279758086685604,1.0190256241064557,0.983580922595778,1.0418359057676685,1.0153418859939158,0.9851862716339104,4.59,0.6200000000000003,1.19,1.6600000000000001,1.4599999999999995,1.84,2.24,1.6199999999999999,13.566,13.638
96,600999.0,1.0106841997123486,0.9424715909090908,1.009074410163339,0.9708561020036433,1.0429973516124007,0.9880845323741008,1.0252867891945232,1.3800000000000001,1.9900000000000004,1.36,0.9399999999999997,1.5400000000000003,2.56,1.69,1.5299999999999998,16.57,16.25
97,601006.0,0.9837469800131782,0.9710458081244596,1.0292468925176703,0.9368635437881876,1.0097867001254706,1.0019129603060737,1.0181676615624191,4.74,3.399999999999999,3.95,4.180000000000001,3.459999999999999,3.62,3.8600000000000003,3.369999999999999,7.6400000000000015,7.8020000000000005
98,601009.0,1.0027007120058924,1.0035407182599898,1.030043966780655,0.9842775820005422,0.9855227882037536,0.9917241379310344,1.0315627405696692,4.12,3.29,4.04,4.28,3.16,4.06,4.36,3.2799999999999994,8.758000000000001,8.884
99,601012.0,1.0667725065371685,1.0458578923505406,0.9908315073232612,1.0418625815258609,1.0337062113629674,0.97869089056796,1.0530953954615554,6.91,7.340000000000002,3.68,4.950000000000001,2.2499999999999996,3.58,5.5600000000000005,4.359999999999999,22.805999999999997,22.788
100,601018.0,1.0083612040133778,1.0191932335718932,0.995303326810176,0.9945945945945944,1.001594048884166,0.9925065567628324,0.9959328927300456,1.99,2.5,2.01,2.21,2.1500000000000004,1.96,3.3,2.0600000000000005,3.744,3.742
101,601021.0,1.052269924237975,1.056159420289855,1.0250440702692845,0.9873394607097202,1.0101040658276863,1.0199516324062876,1.0333751685027661,3.1699999999999995,7.02,3.13,2.6900000000000004,4.84,3.38,2.67,5.510000000000001,44.23,44.51199999999999
102,601088.0,0.9975786924939466,0.998252427184466,0.9859844484976482,1.0013110455588334,0.9865991661703394,0.993009826765272,1.0410431808465157,4.93,3.51,3.7,3.75,3.54,3.69,3.5400000000000005,3.4599999999999986,18.384,18.168
103,601111.0,1.0006510416666667,1.0828336664445926,1.042766631467793,0.986760124610592,1.0379433599120151,0.9907316111220668,1.021356783919598,2.3,5.5600000000000005,2.97,0.8999999999999999,3.5100000000000002,3.02,0.48,3.7000000000000006,8.292,8.863999999999999
104,601117.0,0.9983914209115284,0.9622969837587008,0.9973045822102428,0.9645006016847172,1.0038194444444446,0.9741674447556801,1.0520757465404225,1.9399999999999997,1.5200000000000007,1.39,2.3500000000000005,1.7599999999999996,1.86,2.88,2.3099999999999996,6.034,6.146
105,601155.0,1.0105346624376983,1.103960396039604,0.986552567237164,0.9934403457323662,1.055683269476373,0.9987420117747698,0.9937760970613724,7.16,4.89,1.7,10.06,2.3199999999999994,0.67,8.09,3.5299999999999994,32.791999999999994,33.59
106,601166.0,0.9862030286034772,0.9830182271029096,0.9923418972332014,0.9825550891920254,1.0146705450866322,1.0060178460261464,0.9978431149960268,3.749999999999999,3.5,4.04,3.6900000000000004,3.4000000000000004,4.07,2.96,3.3099999999999996,18.880000000000006,20.006
107,601169.0,0.99375,0.9956745066234118,1.0017704337562705,0.9961990324809952,1.021063189568706,1.0031816735602928,1.0244368079419628,3.7800000000000002,2.6999999999999993,3.18,3.3299999999999996,2.349999999999999,3.2,3.3,2.380000000000001,5.5520000000000005,5.698
108,601186.0,0.9905750798722044,1.0308548305513403,1.0042726347914543,0.9478991596638656,1.0256165169183713,0.9721143663960466,1.069471838702608,2.68,2.729999999999999,2.2,2.8,2.6799999999999997,2.23,3.14,2.6199999999999997,9.568,9.824000000000002
109,601198.0,0.9799230209091854,0.9744567730004624,1.0214818062253397,1.0216205293998788,1.0379359575769938,0.959598813391722,1.0441422983795865,1.41,1.8599999999999997,1.42,1.5100000000000002,1.0499999999999998,2.78,1.5400000000000005,1.1600000000000001,11.012,11.11
110,601211.0,0.9885014836795252,0.9619240408714096,1.0042107659041768,0.9895437262357416,1.0079354582727151,0.9818441452468384,1.0495925494761351,1.4799999999999995,1.7600000000000007,1.8,1.4799999999999998,1.1800000000000004,2.35,1.54,0.9499999999999997,17.278,17.336000000000002
111,601216.0,0.98364312267658,1.0011641443539,0.98816029143898,0.9638854296388544,1.008094186902134,0.9618514750762972,1.040513166779203,2.55,4.289999999999999,4.71,3.8199999999999994,2.2300000000000004,4.21,3.7700000000000005,2.5,3.01,3.04
112,601225.0,1.0396881644223954,0.9641365757799064,0.9984886649874056,0.9928722280887012,0.9805149617258176,0.9913659508523356,1.0355615575061898,6.71,5.199999999999998,5.98,6.73,5.02,5.27,5.84,4.990000000000002,8.486,8.517999999999997
113,601228.0,0.9784034991798796,0.9788359788359788,0.9992711370262392,0.9685287175452396,0.9501372369624884,0.9754701553556828,1.028169014084507,1.6199999999999999,1.6800000000000004,2.1,1.8399999999999999,1.77,2.06,1.92,1.6300000000000003,3.842,3.818
114,601229.0,0.985575910718046,0.9982829670329668,1.0101104163895172,1.016404766016232,1.0153180153180157,0.9914407988587732,1.0145218945487038,3.22,2.93,2.9,3.23,2.909999999999999,3.02,3.3800000000000003,3.0399999999999987,9.41,9.418
115,601238.0,1.0123235317057953,0.9825858269955222,0.9991117033089052,0.9675398633257404,1.0,0.9620476610767872,0.9993049522154648,4.470000000000001,4.849999999999998,5.28,4.13,3.6199999999999983,3.49,2.76,1.71,11.628,11.562000000000001
116,601288.0,1.0,0.9936068193926476,1.0073684210526321,0.9955874241588528,0.9927685950413224,0.9973375931842384,1.015312131919906,3.9299999999999997,3.370000000000001,4.02,3.37,3.13,3.53,3.47,2.4199999999999995,3.636,3.652
117,601318.0,0.9819065526661226,1.0512308498101348,0.9576469122730528,0.9965453853955376,0.9644159209376596,1.0035734570238546,1.0203623022242607,4.59,4.6,5.12,6.13,3.7799999999999985,7.59,8.02,4.59,88.59,89.85799999999999
118,601328.0,0.9864007252946512,0.984454314720812,1.0009768804949526,0.997515086971956,1.0156889495225103,0.9987179487179488,1.012518409425626,3.0799999999999996,2.2099999999999995,3.02,3.1199999999999997,2.2500000000000013,2.93,3.03,1.7900000000000005,5.64,5.7040000000000015
119,601336.0,0.9591421116273152,1.062155388471178,1.0133688589725611,0.9993130393714308,0.9534385113268607,0.9752642007926025,1.007467454676144,2.2600000000000002,2.68,3.98,4.83,2.7500000000000004,4.6,9.16,2.5299999999999994,48.878,49.044
120,601377.0,1.0131764705882351,0.9545454545454544,1.0031181789834738,0.9758560140474101,1.0305951383067895,0.9827734711455643,1.0301837270341203,1.9900000000000002,1.88,1.08,1.0,0.10000000000000009,2.95,0.98,1.1599999999999993,6.376,6.506
121,601390.0,1.0121309224078736,1.0366598778004077,1.0078697421981004,1.0050448430493273,0.9978243132988851,0.9785064756131164,1.0321085733200928,3.4099999999999997,2.1100000000000003,1.99,3.8199999999999994,1.9100000000000004,1.96,3.3499999999999996,2.0300000000000002,5.824,5.888
122,601398.0,0.9906008727760992,0.9938351719662556,0.9916777629826896,0.9828279137742054,0.9996436208125444,0.9989615784008308,1.0099962976675303,3.86,3.3300000000000005,3.62,3.74,3.21,3.39,3.56,2.53,5.928,5.924
125,601607.0,0.9919511988477504,0.9566445309518355,1.0300305543430817,0.998324646314222,1.032536590502264,0.9886682711592456,0.9975984128641536,2.8600000000000003,2.1500000000000004,2.71,2.7199999999999998,3.3100000000000005,2.8,2.9000000000000004,2.6000000000000005,18.770000000000003,18.922
126,601618.0,1.0376914016489989,1.0089668615984404,1.0005411255411256,0.9611486486486488,0.9704978488014752,0.969662278191185,1.0631808278867103,1.62,0.9100000000000001,1.97,1.5200000000000002,1.0099999999999996,2.06,1.6,0.6200000000000001,2.772,2.742
127,601628.0,0.9791071185517896,1.1022486501264441,0.9941487200325072,0.9807071069633884,0.9566771269177128,1.0085744908896035,1.0102231125233128,1.98,4.35,4.03,1.0499999999999998,0.9299999999999997,7.14,3.0599999999999996,4.6400000000000015,32.256,35.215999999999994
128,601633.0,1.0011100539169044,0.9109438695515838,1.0112775004621926,0.9859865470852016,0.9950980392156862,0.9625126646403244,0.9831771208844028,1.2400000000000002,0.9299999999999997,4.06,3.16,0.4300000000000006,1.44,1.5,2.56,8.998000000000003,9.419999999999998
129,601668.0,0.9698771304003172,1.026143790849673,0.999520843315764,0.9648222792231588,1.011787072243346,0.9838095238095236,1.0371314160902805,5.449999999999999,3.41,3.57,4.799999999999999,3.1200000000000014,3.49,4.45,3.38,5.322,5.246
132,601727.0,1.0210981189628876,1.0490648530483362,1.007337526205451,0.9928028788484604,0.9864170337738618,0.9599374021909232,1.0077279752704789,1.8599999999999999,0.6499999999999999,1.16,1.9600000000000002,0.69,1.31,1.6999999999999997,0.5700000000000003,4.95,4.9
134,601788.0,0.9947016525797904,0.981042654028436,1.0243863049095607,0.9203276247207745,1.0337623971301964,0.9871317829457364,1.0405904059040592,1.36,2.0599999999999996,1.47,0.52,0.42000000000000015,2.7,0.6099999999999999,1.2899999999999996,11.505999999999998,11.634
135,601800.0,0.9822294022617124,1.0071193144363877,0.992307692307692,0.9518547750591948,1.0108267716535433,0.9620831429876656,1.0617899142914091,2.5700000000000003,2.2799999999999994,1.87,2.63,2.3099999999999996,1.92,2.24,2.09,9.62,9.306
136,601808.0,0.9987604037542058,1.0315542733501626,0.944746535695492,1.0068285280728375,0.9959133633020024,0.9632800608828004,1.0912631222485607,0.5,0.6500000000000001,-1.93,0.8299999999999998,0.30000000000000004,0.08,2.69,3.0399999999999996,14.466,15.313999999999998
137,601818.0,0.9933649289099524,0.9926217412690604,1.0024900398406376,1.0070346320346322,1.002498750624688,0.9942775393419168,1.0404530744336569,3.1100000000000003,2.919999999999999,2.95,2.99,2.8899999999999997,2.93,3.1999999999999997,2.14,4.452,4.5459999999999985
138,601857.0,0.9960639606396064,1.022576687116564,1.0020975353959098,1.0041676881588626,0.9828693790149892,0.9836885030255196,1.0170659665244504,0.5800000000000001,0.3999999999999999,0.84,1.4000000000000004,1.71,0.83,1.48,0.7300000000000001,5.9700000000000015,5.85
139,601877.0,1.0231340940018845,1.0048383194903636,0.999242267686161,0.9787514268153482,1.0369958275382476,0.9684171322160148,1.0630438807628215,4.880000000000001,3.3799999999999994,2.98,5.84,4.549999999999999,2.43,5.620000000000001,4.219999999999999,22.918000000000003,23.811999999999998
140,601878.0,1.0232413178984865,0.9231097365895278,0.9928583291811992,0.9689675174013924,1.0546304411335086,0.9565217391304346,1.0462143559488697,1.4099999999999997,2.0799999999999996,1.46,1.5100000000000002,1.1599999999999997,1.88,1.4500000000000002,1.4900000000000002,8.854,9.026
141,601881.0,1.0011769321302473,0.9283869115958668,1.0106508875739646,0.961732660111613,1.0655929721815518,0.959174022698613,1.074810606060606,1.61,1.8999999999999992,1.54,0.48999999999999977,0.8200000000000003,2.25,1.5499999999999998,1.75,10.744000000000002,11.21
142,601888.0,1.082945265573328,1.06425110596166,1.04488289780857,0.9474305598707512,0.938677053925598,1.005296149417935,0.984779683821056,4.6899999999999995,4.1,7.68,5.15,4.229999999999999,12.46,5.279999999999998,3.8000000000000007,90.962,91.856
143,601898.0,0.9969558599695584,0.9766120948880724,1.0080321285140563,1.0003947887879985,1.023310023310023,0.9828440716736562,1.0912563667232598,0.5999999999999999,0.8100000000000005,1.55,1.4799999999999998,1.4300000000000004,1.64,2.34,1.9200000000000006,4.784000000000002,4.8839999999999995
144,601899.0,1.1215295966474594,0.9510813594232752,0.9762711864406778,0.9935597189695548,0.9823863636363634,0.977932636469222,0.9766050054406964,1.1099999999999994,1.9000000000000004,3.05,4.17,2.1399999999999997,2.09,2.4299999999999997,2.6900000000000004,3.3539999999999996,3.5420000000000003
145,601901.0,0.9870244117000222,0.978790833739639,1.0242486338797814,0.978412487545666,1.0243810952738182,0.957724425887265,1.0335329341317367,1.1399999999999997,1.31,0.83,-0.2899999999999999,0.65,1.53,0.45999999999999996,0.7899999999999998,6.837999999999999,6.736000000000001
146,601919.0,0.989976869699306,0.9711375212224108,1.0003568879371876,0.9508353221957044,1.0368963646228977,0.9808828640945432,1.0732456140350877,7.710000000000001,3.84,0.89,-0.7,3.6699999999999995,2.35,1.85,2.6599999999999997,4.62,4.92
147,601933.0,1.021461716937355,1.0199739470256186,0.9966784765279008,0.9800103842159916,0.9286079836233369,1.033289241622575,0.9525156597292384,1.7799999999999998,1.640000000000001,3.87,1.17,0.3899999999999997,5.47,1.4000000000000004,0.6299999999999999,8.361999999999998,8.282
148,601939.0,0.998002853067047,1.0014076576576576,0.9951807228915662,0.9820133449376268,0.9944165270798436,1.0024483133841129,1.0083645803288146,4.220000000000001,3.4000000000000004,4.01,3.9400000000000004,3.1800000000000006,3.74,3.76,3.039999999999999,7.314,7.409999999999998
149,601985.0,0.9902011346054668,1.0252631578947369,1.0045857535921736,0.988458927359131,0.9974573192880496,0.9821958456973292,1.0032967032967033,3.23,3.3899999999999992,2.73,3.0900000000000003,2.6199999999999997,2.9,2.48,2.11,5.142,5.058000000000002
150,601988.0,0.995764705882353,0.9675356615838661,1.0005254860746189,0.9954929577464788,1.0065146579804558,0.9948822927328556,1.0141322781232336,3.9299999999999997,2.6800000000000006,3.25,3.8899999999999997,2.5599999999999996,2.99,3.37,2.1900000000000004,3.698,3.714
151,601992.0,0.9688649872629496,0.9613494923026532,0.9364444444444444,1.023150762281197,1.0116492949110971,0.9794520547945204,1.0443645083932855,3.0799999999999996,1.58,-0.41,4.84,1.0799999999999998,0.72,4.34,1.07,3.35,3.3160000000000003
152,601997.0,0.9935287400076132,1.0004073872895165,0.9715679442508712,0.9836911299717092,1.0204713573025976,0.9917425968109341,1.0211062590975255,4.1499999999999995,4.989999999999999,4.45,3.8899999999999997,4.949999999999998,3.67,3.6799999999999997,4.0600000000000005,9.182,9.533999999999999
153,601998.0,0.99725442342892,0.9716535433070866,1.0121798875702686,0.9860046651116292,1.00067957866123,0.9958938723941884,1.0276779295470884,3.2600000000000002,2.5799999999999996,2.99,3.26,2.42,2.91,3.2800000000000002,2.46,6.202000000000001,6.353999999999999
154,603019.0,1.1343346140412154,1.0460282861053378,0.974323097867191,1.0132617861249518,0.9777520278099654,0.9135684503127172,1.0853275458335714,1.6799999999999997,0.27000000000000013,0.72,3.6800000000000006,0.4299999999999995,1.31,3.86,1.08,34.078,33.724000000000004
155,603160.0,1.0799868478737398,1.071370214752568,0.8560823156072699,1.0963213032178551,1.0296309761861484,0.987593090688599,0.9655995383276113,9.8,6.98,0.55,2.7800000000000002,5.32,9.02,11.350000000000001,9.559999999999999,187.02,194.5
156,603288.0,1.015757279177881,1.0087275335751007,1.0132896764252697,0.9824647989548554,0.8954175905395417,1.0131924893552666,1.0376391329818393,9.33,5.449999999999999,9.28,9.9,5.66,9.62,10.050000000000002,5.779999999999998,110.35600000000001,114.914
158,603833.0,0.986169112294548,1.0054762105974815,0.9941868935575046,0.9445206031771632,0.9969670129103256,1.0027351830008375,1.0412018805405687,6.27,8.010000000000002,1.16,7.43,8.11,1.2,6.819999999999999,7.2200000000000015,112.50400000000002,112.934
159,603858.0,1.0117218846727043,0.9848621471705328,1.0099325414890534,0.9865386014698392,1.0177257022682893,0.998797772715768,1.0084418968212607,3.8299999999999996,3.3799999999999994,1.54,3.95,3.67,2.04,4.35,3.95,20.44,20.334
160,603986.0,1.1401745277808462,1.09902347096111,0.9294421278274873,0.9582276010150304,1.0,0.939638508598872,1.162150199183593,7.26,8.74,5.22,7.6000000000000005,6.399999999999998,1.98,3.2100000000000004,3.8799999999999994,153.226,168.56599999999997
161,603993.0,1.07263990955342,0.9729057229748408,0.9842295760082732,0.9452674897119341,1.038601982263954,0.9650287737937141,1.0227146814404435,1.38,-0.16000000000000014,3.98,3.9099999999999997,2.1299999999999994,0.78,1.2699999999999998,1.04,3.43,3.4960000000000004
162,1.0,1.0184404636459428,1.0148436119455737,0.9512025095852212,0.9884855581576892,0.9816216216216216,0.9961745536979316,1.020528683914511,2.9399999999999995,2.8499999999999996,2.95,2.91,2.829999999999999,2.96,3.04,2.1899999999999995,16.624000000000002,16.914
163,2.0,1.0476353666895133,1.068985892606544,0.9388610848099552,0.9845702306079662,1.0428422152560086,0.994629138622612,1.0044938685353035,5.87,3.0499999999999994,0.65,6.109999999999999,3.220000000000001,0.71,6.64,3.5500000000000007,26.712,26.74
164,69.0,0.9984216459977452,1.0187935034802784,0.990580448065173,0.9586983729662076,1.0122463261021692,0.9974868057300827,1.0399533391659377,2.15,6.01,2.08,1.65,5.699999999999999,1.95,2.74,4.929999999999999,7.0360000000000005,7.1800000000000015
166,157.0,0.9879258300991808,0.978978978978979,1.0081495685522532,0.9588832487309644,1.0072202166064983,0.983755942947702,1.088301043219076,2.82,0.39000000000000035,0.98,1.35,1.1400000000000001,2.55,4.41,2.2299999999999995,5.916,5.992000000000001
167,166.0,0.9914417379855166,0.9716850828729282,1.0214500214500213,0.9999999999999998,1.0154055278658811,0.9728440366972474,1.0201314708299094,2.08,2.67,1.46,1.6,1.73,2.6,1.37,1.8199999999999998,4.828,4.846
168,333.0,0.9899417681312864,1.0321876263647392,0.9901645618063528,0.9694526941026732,1.0,0.9947763504101532,1.0426121067610186,9.66,4.750000000000001,6.63,9.68,5.290000000000002,6.83,9.569999999999999,5.290000000000003,55.09,59.49800000000001
169,338.0,1.0531703156098948,1.077061855670103,0.9859700048379292,1.0005086469989828,0.9649795501022496,0.9711658354114714,1.0474497956282212,4.52,3.9399999999999995,5.16,6.720000000000001,4.17,6.15,6.3100000000000005,4.0,12.015999999999998,12.898
170,402.0,0.9994964753272909,0.9614029199530122,0.9791985986424347,0.9786142001710864,1.034711265383402,0.9848377161809996,1.0204410973641742,1.9300000000000002,1.3200000000000003,1.81,1.1099999999999999,0.5800000000000001,1.87,1.4,0.9600000000000004,7.987999999999999,7.994
173,423.0,1.007513988808953,0.9502109704641349,0.93006354786371,0.9785139530902244,0.9726506677179324,0.9694166127989656,0.9934542734243502,3.67,3.42,5.81,2.7,3.1900000000000004,3.36,-1.5599999999999998,0.1599999999999997,34.788000000000004,35.348
174,425.0,0.9968701095461656,0.9867091972355132,1.0138820029747149,0.9499761791329208,0.9850924269528921,0.9756915339480302,1.0485212569316078,1.66,0.6299999999999999,2.11,2.3400000000000003,1.0,3.38,3.79,2.1099999999999994,4.614,4.563999999999999
175,553.0,1.0,1.0299203952786165,1.0219126200459894,0.9288928892889291,1.001986491855383,0.9636301835486064,1.024406047516199,4.93,1.3600000000000012,10.0,0.9600000000000009,0.3699999999999992,1.64,0.97,0.8100000000000003,9.074000000000002,9.232
176,568.0,0.9706601466992666,1.0685043668122272,0.986138873414818,0.9310497433174012,0.9131586552355264,1.0328260386580759,1.0503820491929623,6.41,0.4800000000000004,7.39,5.36,4.22,8.16,7.529999999999999,4.750000000000002,86.38199999999998,85.90799999999999
177,596.0,0.9758550535488082,1.0564692012967876,1.0687518156289335,0.9617522066034654,0.8327868852459016,1.0262116805462729,1.0153976059206278,2.6100000000000003,3.6599999999999993,8.27,4.84,4.420000000000002,9.34,6.08,4.85,111.87,112.184
178,625.0,0.9954928758359988,0.9588302101078934,0.9851780558229069,0.9721831975273952,1.0383739837398374,0.9657142857142856,1.0205028069319015,5.0200000000000005,2.289999999999999,2.84,0.56,-0.9199999999999999,-4.71,-0.3799999999999999,-1.0099999999999998,7.308,7.664
179,627.0,1.0037633284549443,1.0406091370558377,0.98560411311054,0.9890316515198996,1.0010183299388995,0.9688674181427804,0.9818131716726372,3.8499999999999996,1.3600000000000003,1.75,2.7199999999999998,0.9000000000000004,1.62,2.05,1.3200000000000003,6.911999999999999,6.846000000000001
180,630.0,1.0275111964171468,0.961307538358906,0.9984484096198604,0.9869402985074628,1.010721247563353,0.9773967264224476,1.0026642984014211,0.5399999999999999,0.92,1.15,1.2000000000000002,1.37,1.54,0.7599999999999998,1.52,2.172,2.174
181,651.0,0.9680372302342232,1.0086993725042783,0.9452929394091136,0.9332274239189792,0.9674631418403662,0.9687806196573978,1.0642265193370164,11.080000000000002,8.36,7.87,8.48,8.009999999999998,6.06,8.809999999999999,7.070000000000003,59.48799999999999,63.86999999999999
182,656.0,0.9972044728434506,0.9713811696391536,0.9839650145772596,1.0252918287937742,1.0791104629967192,0.9987019730010386,0.976757699012202,1.6300000000000001,2.49,0.85,2.6,6.770000000000001,1.07,9.29,5.82,6.934,6.8439999999999985
183,661.0,1.0261813162609028,1.0143226362265776,1.0487406427064807,0.9771118091518805,1.000708701019615,1.0095967127282366,1.0014020070838252,3.46,4.4399999999999995,4.67,6.66,5.020000000000001,6.6,5.710000000000001,7.029999999999999,452.46,476.736
184,671.0,1.1108042802899556,0.9859154929577464,0.9821138211382114,1.0071186440677966,1.0577589526376587,0.9810359467874328,1.00749063670412,0.8599999999999999,1.7600000000000002,1.15,3.7600000000000002,2.45,1.32,4.699999999999999,3.0600000000000005,6.2559999999999985,6.644
187,728.0,0.98824494259158,0.9717848791893996,0.9975701347470732,0.99492688749627,1.0911835748792271,0.9766309639727364,1.0259103641456582,1.3400000000000003,1.7699999999999996,0.65,0.28,0.38,1.68,0.08000000000000007,1.0399999999999998,8.494,8.51
188,768.0,0.9900533975499948,0.9455512673411912,1.0084397316598137,1.066103896103896,0.9985264567983922,0.9752016371734682,1.1203409235466224,1.16,0.22999999999999998,0.17,0.86,0.43999999999999995,0.24,1.14,0.71,15.108,15.784
189,776.0,1.0103605032244425,0.9730499561787904,0.9958148383005706,0.992323590197815,1.0341398740470666,0.9820359281437124,1.060417928528165,2.7,2.29,1.77,1.62,1.3900000000000001,3.28,1.3199999999999998,1.5400000000000005,13.845999999999998,13.992
190,783.0,0.9884852094500692,0.9525524253336156,0.9994143484626647,0.9960567823343848,1.0623987034035656,0.9989701338825951,1.0277698253650158,2.18,1.7699999999999996,1.16,0.24,0.7000000000000002,2.81,1.15,1.2999999999999994,6.8839999999999995,6.747999999999999
191,786.0,0.9900673997871589,0.9573394887578012,1.0043308791684713,0.9546544582515804,0.9733036707452724,0.9971560985885825,1.0369572244370218,4.92,7.1,3.8,6.1000000000000005,4.840000000000001,2.24,-7.63,5.31,19.042,20.79
192,858.0,0.9620312387533292,1.0444672003971949,1.00984240769187,0.9608587840170754,0.8670024836464129,0.9984564584513784,1.0422331974651156,3.130000000000001,3.5299999999999994,8.52,3.9000000000000004,3.51,9.25,4.84,3.969999999999999,131.656,133.732
193,876.0,0.9978886249670098,1.0013386880856758,0.9916573971078976,0.9710663198959688,1.0098572399728076,1.048454688318491,1.02814038091162,2.1799999999999997,4.2700000000000005,2.8,1.2800000000000002,2.71,3.05,3.8600000000000003,5.840000000000001,22.322,22.811999999999998
194,895.0,1.01760594532425,1.0386662492172825,0.9643987952737668,0.9958840823183536,0.9421699078812692,1.0105868118572294,1.0038307349665925,9.799999999999999,7.83,6.78,11.02,7.079999999999999,8.96,8.61,8.379999999999999,29.044,31.964000000000002
195,898.0,1.0237110559691205,0.9654214263661623,1.0012686330478908,0.9752092723760464,0.9854582346973284,0.9780575539568344,1.0320307495195389,1.62,2.94,3.08,3.6899999999999995,6.700000000000001,0.79,1.96,0.5499999999999998,3.0260000000000002,2.99
196,938.0,1.0223411602209944,1.0324752085111972,0.9768439802445148,0.9384417256922086,1.008348134991119,0.9521682486506609,1.0740214841338436,2.0,1.2499999999999996,0.97,1.89,1.6000000000000003,1.4,1.71,1.3800000000000003,29.952000000000005,29.5
197,961.0,1.014126149802891,0.972389717549984,1.04029304029304,0.9970854922279792,1.1043809523809525,1.0131147540983607,1.0071789417708057,1.47,0.3500000000000001,2.54,3.2800000000000002,2.09,2.69,4.300000000000001,4.49,8.360000000000001,8.373999999999999
198,963.0,0.9994922784006772,0.9604207330297116,1.0096376940924503,0.9648143339392368,0.9389192598822542,0.9956738177077158,0.963027229044314,6.63,4.770000000000002,7.28,7.11,4.6400000000000015,8.39,6.059999999999999,4.52,25.546,26.454
199,1979.0,0.9941471571906354,0.9949994564626587,1.0075925925925926,0.9885844748858448,1.0361352012452745,1.0019266055045872,0.9877842884099716,2.58,0.4399999999999995,7.75,3.0700000000000003,1.5299999999999994,3.37,3.0599999999999996,0.2400000000000002,19.114,18.936
200,2001.0,1.0030713640469742,1.031967147113294,1.0365476695557303,0.9499809572172146,0.9896633608045814,0.9738667202733944,1.030409254228376,4.54,3.5299999999999994,9.67,3.9299999999999997,2.619999999999999,3.06,4.24,3.1,20.08,21.02
201,2007.0,1.0024161455372371,0.9679880125323526,1.027047913446677,0.9896766874645492,0.9261354539147142,0.9911590446213664,0.9764170706889328,4.37,3.7899999999999983,4.25,5.1,5.4,4.4,4.389999999999999,6.690000000000001,36.196,36.414
202,2008.0,1.0248042461506124,0.989459761087918,0.9978279030910608,0.9467707912571248,0.9937589714784996,0.9748147406368918,1.0956234623850831,12.26,6.800000000000001,4.64,7.750000000000001,6.550000000000002,1.88,2.58,2.41,38.56999999999999,37.65600000000001
203,2010.0,0.9929446219382321,0.9692793931731986,1.0109021205223432,0.9553450608930992,0.9657912160670932,0.9574420677361856,1.039869812855981,1.0299999999999998,0.43000000000000005,0.86,1.48,1.1,1.3,3.6800000000000006,1.329999999999999,7.92,7.4300000000000015
204,2024.0,0.9826394741277601,1.0126062322946174,1.0156201670275289,1.016510197474911,0.9532971550731788,0.9772352853077728,0.9916232315711092,0.27,0.44999999999999996,0.14,7.37,-0.019999999999999907,0.16,2.4699999999999998,10.45,10.672,10.7
205,2027.0,1.0419987077320698,0.9880755216959258,1.018291567587342,0.9235939950705804,0.8597796143250687,0.9495548961424332,1.050551121246674,24.41,10.590000000000003,10.43,16.330000000000002,8.789999999999996,2.41,3.66,4.02,5.948,6.112
206,2032.0,0.9884275381730512,0.9893241872373316,1.0506531143685165,0.9489767753637476,0.949295887022779,0.9628364302974752,1.0200022892462657,5.319999999999999,5.29,8.08,5.82,6.83,8.0,6.1,5.500000000000002,76.22399999999998,80.024
207,2044.0,1.007549926936191,1.0248568031989624,1.0325632563256328,0.963601985346254,1.0756327251324307,0.9508643144683876,0.975181305398872,4.15,5.359999999999999,-1.53,4.18,3.920000000000001,-1.83,2.1,5.76,15.084000000000001,16.184
208,2050.0,1.044390539721043,0.9739304812834224,0.980077276020285,0.9274961597542242,0.9867549668874172,0.9849183597158172,1.1144756277695718,6.5600000000000005,3.1599999999999997,3.06,5.16,3.9900000000000007,2.96,5.090000000000001,3.709999999999999,14.272,14.352
209,2065.0,1.0403781760882411,0.928185040104458,0.9890900649953578,1.0525108919972483,0.999168744804655,0.9736653100311228,1.0444896772317531,1.5200000000000005,3.12,1.48,2.13,3.47,1.65,2.39,3.7899999999999996,7.444,7.67
210,2081.0,0.9867145421903052,1.0357871605713391,0.9812740076824584,0.9612078003774376,1.0153962645128722,0.9842317565089844,1.0247144340602286,3.99,4.5,4.6,3.58,4.300000000000001,4.34,3.6500000000000004,4.049999999999999,8.142000000000001,8.024000000000001
211,2120.0,1.0385964912280699,0.9811364967779732,1.0206059119342572,0.9367780010045206,0.9580676802354096,1.0063040923175557,0.9923830829871098,10.09,7.409999999999999,7.18,3.0700000000000003,8.18,4.71,6.0200000000000005,4.590000000000001,34.224000000000004,32.444
212,2142.0,1.0052258305337811,1.030196883681604,0.9813953488372094,0.9805929277294916,1.0195076637250349,1.0019456973556204,1.0444151275285842,4.369999999999999,4.720000000000001,4.67,4.1899999999999995,4.34,3.92,3.55,3.5300000000000002,27.31,28.474
214,2179.0,1.0140726989640096,0.9583704246740324,0.9843389217950004,1.0264220881053083,0.9534020005942356,1.019222260459171,1.0285391884902912,5.540000000000001,3.59,3.3,5.5200000000000005,3.8200000000000003,3.67,5.040000000000001,2.5799999999999983,39.89400000000001,39.226
215,2202.0,0.9949983327775928,0.969842357779301,1.0427941351770176,0.9642630241423124,0.9297770368826838,0.9683161848766946,1.0544777277665682,4.61,5.09,1.04,5.61,3.5199999999999996,0.91,3.0999999999999996,1.3200000000000003,12.77,12.8
216,2230.0,1.0137810423224904,1.0855051127999045,0.9584118965455904,1.011719253058596,1.0164063870854536,0.9788528560458388,1.0349418639677088,0.32000000000000006,0.73,1.04,0.69,1.12,1.24,0.97,1.1200000000000003,33.36800000000001,33.824
217,2236.0,1.0520440125291142,1.049916930977194,1.0018235498436958,1.0217309383243312,0.991565452091768,0.9974838245866282,1.0383498669247522,7.470000000000001,4.32,2.74,7.109999999999999,3.8000000000000007,2.43,6.700000000000001,4.149999999999999,16.317999999999998,17.148
218,2241.0,1.0102181717757526,1.0150918635170605,1.0032,0.9801339285714284,1.0225563909774436,1.0137787844469612,1.0657242786359662,2.59,4.470000000000001,1.22,1.74,2.59,1.31,2.08,2.8000000000000003,18.486,19.864
219,2271.0,0.9765043948613928,0.9888604546138792,0.9793059194695469,0.981275826446281,1.0323429278861038,0.9965707159929336,1.0219695509732127,7.54,4.84,1.44,7.09,5.800000000000001,1.58,9.31,6.120000000000001,23.358000000000004,24.478
220,2294.0,1.0153254206338855,1.0226703121439964,1.030721034813804,0.9454819474477426,0.9826898532227184,0.981391191288802,0.9993760028525585,7.070000000000001,5.499999999999999,6.42,6.73,4.9,4.6,5.1899999999999995,1.1600000000000001,18.874,18.912
221,2304.0,0.9725558224357264,0.9666323731138544,1.0423185203663448,0.9830224564219784,0.8528352159717791,0.9910827388492566,0.9954623948267628,5.0600000000000005,5.020000000000001,10.54,5.82,5.219999999999999,10.62,5.459999999999999,3.620000000000001,102.304,100.774
222,2310.0,1.0214209968186638,0.9629662601264132,1.0154940040326859,0.9260139416983524,0.9725602481507992,0.9309051955008036,1.0081363812475783,5.25,3.8,0.08,5.54,2.419999999999999,-2.15,-5.550000000000001,0.0900000000000003,5.016,4.952000000000001
223,2311.0,1.0064116264159009,0.9740156699395024,1.0028861218768041,1.0253035404550557,0.9630878951426368,1.0043452882806925,1.0754621742696702,8.03,9.060000000000002,1.52,7.24,8.08,1.54,6.78,7.6099999999999985,33.71,34.08
224,2352.0,0.9979577409472942,1.0268141502003356,0.990921374883878,0.9421652699278892,0.9312463141340672,0.9877357939613384,0.9869737493808812,4.989999999999999,2.99,2.95,3.6399999999999997,2.09,3.36,4.710000000000001,2.779999999999999,39.92999999999999,39.73
225,2410.0,1.0816414222795143,0.992070571910001,1.0257013134425166,1.0235782704802732,1.0160449921429162,1.01992673992674,1.0408752638009555,3.32,4.739999999999998,1.81,3.22,4.4399999999999995,1.7,1.2500000000000002,2.1399999999999997,32.726,33.356
226,2415.0,1.0469323055883637,1.0650789255054005,0.9966120835686052,0.9797077922077922,1.0363200132373624,0.984333089490368,1.0669385641224836,7.949999999999999,9.170000000000002,5.63,8.18,8.400000000000002,3.91,7.629999999999999,8.310000000000002,32.624,33.559999999999995
228,2456.0,1.0223766901542564,0.9892306366847592,1.0065998821449618,0.9260293091416608,0.9780760626398208,1.0,1.0407064398018524,4.92,4.16,3.14,4.48,5.529999999999999,-3.07,3.3099999999999996,1.8200000000000003,11.14,12.17
229,2460.0,1.1673634631668075,0.9765316484260408,0.9741781119880678,0.9322815218802752,0.9924755455229496,0.9496892138939672,1.0193336461755045,17.25,10.619999999999997,8.34,9.89,4.27,3.1,0.6000000000000001,0.34999999999999964,21.906,23.404
230,2466.0,1.0696250072225113,1.0688226950354611,0.9938378297136846,0.9137722663023486,0.9859708573364964,0.9469010832889362,1.0250886754909594,9.02,5.829999999999998,7.14,6.3,3.1199999999999983,1.09,0.8099999999999998,-0.5299999999999998,25.626,28.148000000000003
231,2468.0,0.9825727366710972,1.0007328154770632,0.994504565437944,0.9667183585828464,0.9759615384615384,0.9917612442202608,0.9833107421213148,6.77,5.199999999999999,5.3,6.55,8.149999999999999,4.55,5.170000000000001,2.789999999999999,21.728,20.676
232,2475.0,1.0152751423149906,1.0390525511503523,1.023439760779396,0.9754706831629908,0.9707054136395596,0.997512625310922,1.0164579319203595,3.1,3.2100000000000004,2.48,3.5100000000000002,5.52,3.82,5.129999999999999,6.82,32.744,34.138000000000005
233,2493.0,1.0147645650438946,0.9791376912378306,1.022839168490153,0.9739854318418314,1.0293942403177756,1.0007773631840795,1.0211267605633805,3.5299999999999994,3.030000000000001,4.28,1.04,2.8499999999999996,2.81,2.0799999999999996,3.4200000000000004,11.098,11.32
234,2508.0,0.9822632139056404,1.0002134198395085,1.0306406685236766,0.9489795918367346,1.017001545595054,0.9855091909298268,1.063904945407835,7.89,6.579999999999999,5.4,7.219999999999999,5.500000000000002,5.01,6.23,5.779999999999999,30.904000000000003,32.141999999999996
235,2555.0,1.0000000000000002,0.9398578000836468,0.9816989893471728,0.9260190339378702,1.1006763285024157,0.9955257270693512,1.1158613711105487,4.9399999999999995,4.700000000000001,6.65,6.789999999999999,6.139999999999999,7.08,9.67,7.100000000000001,17.608,18.612
236,2594.0,1.0180703054252076,0.9662586028381752,0.9520949091455172,0.9547181480827002,0.9550232217061844,0.992544137300415,1.0092333859798324,2.1100000000000003,1.8800000000000001,0.18,0.7,1.9199999999999997,1.32,1.24,0.20999999999999996,44.966,44.25
237,2624.0,0.975413260130095,0.954468408440002,1.0025355846251367,0.9602531450181367,1.1014632436694998,0.9718164277839029,1.0202961357890936,4.29,5.63,4.34,4.800000000000001,7.050000000000001,5.47,5.71,4.290000000000002,28.882,28.691999999999997
239,2714.0,1.0147477878318254,1.0764027243663996,1.005331430250619,0.9844035897882719,0.9593077247783875,0.9739015429831008,1.0225040916530277,2.4499999999999993,5.459999999999999,1.05,-1.71,3.5,-4.6,3.3099999999999996,8.76,98.82799999999999,95.65
240,2736.0,0.9924591537494766,0.96198224852071,1.0075357950263757,0.9776986951364176,1.074529485570891,0.9786678944137506,0.9919052615799732,2.01,2.49,1.39,0.8600000000000001,1.4599999999999997,3.44,1.3800000000000003,1.98,12.332,12.25
241,2773.0,0.9954550706775024,1.0235900127956952,1.0228269786353748,0.9307010818638728,0.9871507545196472,0.9709391360091172,1.0057531670078002,2.6499999999999995,4.930000000000001,5.48,2.9499999999999993,4.49,4.91,3.1099999999999994,4.370000000000001,32.016000000000005,30.974
242,300003.0,1.0360231832367366,0.9993144815766926,1.0450113378684809,0.97042722837082,0.9981908009185166,1.008838095238095,1.0216854856801016,4.450000000000001,3.5199999999999996,4.9,7.92,4.02,8.51,7.840000000000002,5.25,29.59,31.71
243,300015.0,1.0233200898255312,0.9757053840229648,1.0285292010032248,0.961444576578832,0.946874348098185,1.0331375121200022,1.006105512744517,6.48,7.01,3.96,6.180000000000001,5.870000000000002,4.99,6.629999999999999,7.470000000000001,41.15,41.553999999999995
244,300017.0,1.0796553543168632,0.9131390874106652,0.987737400927172,0.9757516973811832,1.0100102669404518,0.944999231832847,1.0746028554192637,2.9,1.9,2.66,2.75,1.8200000000000003,1.27,7.27,-0.31999999999999895,9.81,9.096
246,300033.0,1.056142559040774,0.9365554889820916,0.9930104230533416,0.9841537246643854,1.079522203174252,0.9632061250396698,1.2196368017133679,6.46,5.7,2.74,3.8899999999999997,3.8899999999999997,3.16,4.74,4.99,99.674,98.61
247,300059.0,0.9947552447552448,0.920215956808638,1.0410821643286572,0.9713316892725028,0.9917157877967182,0.9512247529007304,1.0662922887275714,1.22,1.4600000000000004,2.0,1.65,1.5000000000000004,2.1,2.1999999999999997,2.4099999999999997,15.224,15.168
248,300070.0,1.0026290882322009,0.9797028667085164,1.0436306092460723,0.940467877094972,1.0115356885364095,0.9759667904741098,1.028807845540913,1.88,1.23,0.84,1.1600000000000001,1.0899999999999999,0.44,-0.31,1.7599999999999998,7.56,7.806
249,300072.0,1.0041496308049065,0.9347568846815836,0.9927740443673676,0.9786701971167991,0.983676975945017,0.9248667850799288,1.0266749379652604,9.900000000000002,7.89,6.31,5.81,0.4900000000000002,0.11,0.15000000000000002,0.49,5.784000000000002,5.926
250,300122.0,1.0357232493934576,0.9623061408999236,1.0782617597379334,1.0064531213467385,0.9729336280800126,0.9943757532473328,1.059198880243712,4.08,3.8100000000000005,8.12,11.87,8.480000000000002,10.72,14.609999999999998,8.940000000000003,48.372,48.688
251,300124.0,1.0514484007242002,1.0005951593704536,1.0119948329950177,0.9524647887323944,1.002592758158248,0.9680249851279,1.031009110021023,5.51,5.210000000000001,3.43,5.48,4.6,1.98,4.17,3.43,24.826,25.23
252,300136.0,1.0329568688540551,0.99738462157486,1.0021800461656831,0.9469761620299254,1.021151046057169,0.961512400054208,1.0847964138961523,7.9,10.35,7.07,6.59,10.64,6.16,2.959999999999999,9.26,41.618,41.83
253,300142.0,1.1084487319122451,1.027947210823999,1.083237437667817,0.9833409194355942,1.0389033942558747,0.9971392943592752,0.9926996747379832,-0.44000000000000006,0.1200000000000001,0.7,1.4400000000000002,0.33000000000000007,0.86,0.91,0.7200000000000001,29.702,30.894000000000002
254,300144.0,1.0168943581186776,1.0244405486232857,1.01888866679992,0.9406419836956524,0.9824399260628464,0.9967064269182838,1.0371538461538459,4.0200000000000005,5.0600000000000005,4.22,4.31,5.3,4.0,4.3100000000000005,4.479999999999999,29.444000000000003,29.324
255,300251.0,1.04,0.9896886372826528,1.0407638633859717,0.9903776762088041,1.0059982862039416,0.97243605661783,1.030380930123861,3.0200000000000005,2.9899999999999993,19.15,2.710000000000001,1.629999999999999,1.06,0.18999999999999995,10.59,8.816,9.126
256,300296.0,1.00811123986095,0.9899640917042628,0.7856298317417006,0.8271251193887297,0.9585466959278224,0.9802660753880268,1.0321715817694372,4.119999999999999,4.860000000000001,4.28,3.8500000000000005,4.319999999999998,4.23,2.539999999999999,2.84,6.6979999999999995,6.766
257,300408.0,1.0606617647058827,0.9265703567722884,1.0262882096069872,0.9370027601883424,0.9851532062756658,0.9916049382716052,1.0343684051854087,3.91,4.4399999999999995,4.08,4.890000000000001,5.17,3.14,3.4499999999999997,2.550000000000001,18.832,17.884
258,300433.0,0.9765,1.0475978647686832,1.0177633463852545,0.9739027283511272,1.0158405723045478,0.9595105672969966,1.1239186345569323,0.6600000000000001,3.88,0.65,2.1,3.3899999999999992,-0.57,-0.3600000000000001,7.07,13.285999999999998,14.170000000000002
259,300498.0,1.0013205387798223,1.0867441468755266,0.998282770463652,1.0066333397423572,0.9941916747337852,0.9963238850730388,1.0047732696897371,1.9700000000000006,6.949999999999999,4.07,-1.1800000000000002,5.75,-1.33,5.37,12.319999999999999,40.736,39.448
