日期,开盘价,最高价,最低价,收盘价
2020-09-01 00:00:00,1.34078,1.3409,1.34073,1.34084
2020-09-01 01:00:00,1.34047,1.34083,1.34047,1.34083
2020-09-01 02:00:00,1.34178,1.34181,1.3415,1.34175
2020-09-01 03:00:00,1.34042,1.34042,1.33988,1.3401
2020-09-01 04:00:00,1.34334,1.34336,1.34276,1.34277
2020-09-01 05:00:00,1.34204,1.34214,1.34167,1.34193
2020-09-01 06:00:00,1.34472,1.34472,1.34431,1.34431
2020-09-01 07:00:00,1.34617,1.34731,1.34616,1.34715
2020-09-01 08:00:00,1.34702,1.34714,1.34688,1.34689
2020-09-01 09:00:00,1.34684,1.34724,1.34677,1.34718
2020-09-01 10:00:00,1.3438,1.34381,1.34166,1.34234
2020-09-01 11:00:00,1.34467,1.34479,1.34452,1.34466
2020-09-01 12:00:00,1.34143,1.34145,1.34119,1.34123
2020-09-01 13:00:00,1.33919,1.33921,1.33843,1.33876
2020-09-01 14:00:00,1.33844,1.33872,1.33834,1.33842
2020-09-01 15:00:00,1.33835,1.33835,1.3376,1.33767
2020-09-01 16:00:00,1.33821,1.33828,1.33793,1.33819
2020-09-01 17:00:00,1.33824,1.33879,1.33793,1.33872
2020-09-01 18:03:00,1.33874,1.33877,1.33874,1.33876
2020-09-01 19:04:00,1.33924,1.33929,1.33921,1.33922
2020-09-01 20:04:00,1.33976,1.33997,1.33976,1.33982
2020-09-01 21:04:00,1.33794,1.33794,1.33763,1.33776
2020-09-01 22:04:00,1.33772,1.33773,1.33763,1.33763
2020-09-01 23:04:00,1.33805,1.33807,1.33803,1.33807
2020-09-02 00:04:00,1.33787,1.33787,1.33787,1.33787
2020-09-02 01:04:00,1.33789,1.33792,1.33785,1.33789
2020-09-02 02:04:00,1.33822,1.33836,1.33806,1.33806
2020-09-02 03:04:00,1.33637,1.3364,1.33609,1.33634
2020-09-02 04:04:00,1.33409,1.33409,1.33368,1.33373
2020-09-02 05:04:00,1.3345,1.33488,1.33446,1.33468
2020-09-02 06:04:00,1.33669,1.33685,1.33664,1.33674
2020-09-02 07:04:00,1.33614,1.33614,1.33551,1.33598
2020-09-02 08:04:00,1.33496,1.33502,1.33485,1.33494
2020-09-02 09:04:00,1.33469,1.33511,1.33455,1.33505
2020-09-02 10:04:00,1.33141,1.3318,1.33135,1.3318
2020-09-02 11:04:00,1.3303,1.33045,1.33011,1.33014
2020-09-02 12:04:00,1.33073,1.33092,1.33072,1.33083
2020-09-02 13:04:00,1.33247,1.33248,1.33229,1.33229
2020-09-02 14:04:00,1.3322,1.33252,1.3322,1.33251
2020-09-02 15:04:00,1.33201,1.33215,1.332,1.33212
2020-09-02 16:04:00,1.33467,1.33471,1.33465,1.33466
2020-09-02 17:05:00,1.3348,1.3348,1.33479,1.3348
2020-09-02 18:05:00,1.33511,1.33511,1.33507,1.33508
2020-09-02 19:05:00,1.33535,1.33535,1.33535,1.33535
2020-09-02 20:06:00,1.33394,1.33413,1.33393,1.33413
2020-09-02 21:06:00,1.33295,1.33299,1.33283,1.33299
2020-09-02 22:06:00,1.33342,1.33345,1.33324,1.33342
2020-09-02 23:06:00,1.33273,1.33276,1.3326,1.33266
2020-09-03 00:06:00,1.33278,1.33286,1.33277,1.33286
2020-09-03 01:06:00,1.33113,1.33114,1.33098,1.33104
2020-09-03 02:06:00,1.32865,1.32875,1.32865,1.32874
2020-09-03 03:06:00,1.32781,1.32808,1.3278,1.32807
2020-09-03 04:06:00,1.33079,1.33086,1.33067,1.33071
2020-09-03 05:06:00,1.33064,1.33078,1.33051,1.33054
2020-09-03 06:06:00,1.32764,1.32796,1.32762,1.32796
2020-09-03 07:06:00,1.32502,1.32517,1.32496,1.32503
2020-09-03 08:06:00,1.32508,1.32508,1.32474,1.32495
2020-09-03 09:06:00,1.32664,1.32762,1.32649,1.3271
2020-09-03 10:06:00,1.3286,1.32885,1.32845,1.32847
2020-09-03 11:06:00,1.32687,1.32691,1.3265,1.32653
2020-09-03 12:06:00,1.32574,1.32603,1.32572,1.32595
2020-09-03 13:06:00,1.32544,1.32553,1.3254,1.32544
2020-09-03 14:06:00,1.32775,1.32824,1.32774,1.32824
2020-09-03 15:06:00,1.32767,1.3279,1.32761,1.32785
2020-09-03 16:06:00,1.32786,1.32787,1.3278,1.3278
2020-09-03 17:09:00,1.32694,1.32694,1.32685,1.32691
2020-09-03 18:11:00,1.32772,1.32772,1.32766,1.32769
2020-09-03 19:11:00,1.32739,1.3275,1.32739,1.32746
2020-09-03 20:11:00,1.32684,1.32685,1.32655,1.32663
2020-09-03 21:11:00,1.32827,1.32834,1.32825,1.32831
2020-09-03 22:11:00,1.32927,1.32927,1.32918,1.32918
2020-09-03 23:11:00,1.32797,1.32805,1.32791,1.32804
2020-09-04 00:11:00,1.32756,1.32756,1.32746,1.32755
2020-09-04 01:11:00,1.32795,1.32797,1.32792,1.32792
2020-09-04 02:11:00,1.32743,1.32744,1.32725,1.32726
2020-09-04 03:11:00,1.32728,1.32741,1.32719,1.32728
2020-09-04 04:11:00,1.32972,1.32993,1.32964,1.32989
2020-09-04 05:11:00,1.33156,1.33156,1.33127,1.33133
2020-09-04 06:11:00,1.32992,1.33033,1.3299,1.33027
2020-09-04 07:11:00,1.32792,1.32811,1.32782,1.3279
2020-09-04 08:11:00,1.32616,1.32617,1.32564,1.32581
2020-09-04 09:11:00,1.32129,1.32147,1.32127,1.32132
2020-09-04 10:11:00,1.32061,1.3209,1.32038,1.32044
2020-09-04 11:11:00,1.31988,1.31993,1.31934,1.31947
2020-09-04 12:11:00,1.32284,1.32289,1.32266,1.32266
2020-09-04 13:11:00,1.325,1.32501,1.32487,1.32488
2020-09-04 14:11:00,1.32661,1.32664,1.32653,1.3266
2020-09-04 15:11:00,1.32827,1.32831,1.32821,1.32821
2020-09-04 16:11:00,1.3279,1.32793,1.32784,1.32793
2020-09-06 17:15:00,1.32611,1.32612,1.3261,1.32611
2020-09-06 18:16:00,1.32487,1.32492,1.3247,1.32472
2020-09-06 19:16:00,1.32545,1.32548,1.32544,1.32547
2020-09-06 20:16:00,1.32473,1.32503,1.32473,1.32495
2020-09-06 21:16:00,1.32536,1.32544,1.32524,1.32538
2020-09-06 22:16:00,1.32437,1.32459,1.32434,1.32459
2020-09-06 23:16:00,1.32406,1.32407,1.32403,1.32405
2020-09-07 00:16:00,1.32356,1.3237,1.32355,1.32366
2020-09-07 01:16:00,1.32292,1.32293,1.32284,1.32288
2020-09-07 02:16:00,1.32114,1.32155,1.32114,1.32129
2020-09-07 03:16:00,1.32083,1.32083,1.32067,1.3208
2020-09-07 04:16:00,1.32344,1.32351,1.3233,1.3234
2020-09-07 05:16:00,1.31794,1.31804,1.31777,1.31779
2020-09-07 06:16:00,1.31674,1.31674,1.31639,1.31645
2020-09-07 07:16:00,1.3154,1.31546,1.31538,1.3154
2020-09-07 08:16:00,1.31567,1.31581,1.31566,1.31575
2020-09-07 09:16:00,1.31554,1.31556,1.31486,1.31488
2020-09-07 10:16:00,1.31633,1.31644,1.3163,1.31643
2020-09-07 11:16:00,1.31695,1.31707,1.31694,1.31704
2020-09-07 12:16:00,1.3168,1.31692,1.31667,1.31667
2020-09-07 13:16:00,1.31707,1.31708,1.31693,1.31699
2020-09-07 14:16:00,1.31657,1.31665,1.31656,1.31656
2020-09-07 15:16:00,1.31682,1.31683,1.31665,1.31667
2020-09-07 16:16:00,1.31687,1.31687,1.31687,1.31687
2020-09-07 17:19:00,1.31616,1.3162,1.31598,1.31619
2020-09-07 18:19:00,1.31603,1.31603,1.31601,1.31601
2020-09-07 19:20:00,1.31643,1.31644,1.31641,1.31641
2020-09-07 20:20:00,1.31643,1.31643,1.31642,1.31643
2020-09-07 21:20:00,1.31518,1.31518,1.31512,1.31512
2020-09-07 22:20:00,1.31469,1.31482,1.31468,1.31475
2020-09-07 23:20:00,1.31462,1.31463,1.31455,1.3146
2020-09-08 00:20:00,1.31467,1.31472,1.31458,1.31458
2020-09-08 01:20:00,1.31292,1.31306,1.31292,1.31296
2020-09-08 02:20:00,1.31427,1.31436,1.31407,1.31417
2020-09-08 03:20:00,1.31365,1.31365,1.31328,1.31335
2020-09-08 04:20:00,1.31373,1.31374,1.31353,1.31358
2020-09-08 05:20:00,1.30882,1.30889,1.3086,1.3087
2020-09-08 06:20:00,1.30406,1.30422,1.30401,1.30411
2020-09-08 07:20:00,1.30516,1.30516,1.30491,1.30493
2020-09-08 08:20:00,1.30404,1.30411,1.30376,1.30396
2020-09-08 09:20:00,1.30281,1.30298,1.30263,1.30265
2020-09-08 10:20:00,1.30428,1.30461,1.30423,1.30435
2020-09-08 11:20:00,1.30316,1.30328,1.30311,1.30311
2020-09-08 12:20:00,1.3047,1.30511,1.3047,1.30499
2020-09-08 13:20:00,1.30214,1.30216,1.3021,1.30214
2020-09-08 14:20:00,1.30052,1.3006,1.30051,1.30058
2020-09-08 15:20:00,1.29891,1.29893,1.29881,1.29881
2020-09-08 16:20:00,1.29936,1.29938,1.29935,1.29937
2020-09-08 17:20:00,1.29874,1.29874,1.29872,1.29873
2020-09-08 18:20:00,1.29592,1.29618,1.29592,1.29618
2020-09-08 19:20:00,1.29577,1.29578,1.29561,1.29566
2020-09-08 20:20:00,1.29669,1.2969,1.29659,1.29686
2020-09-08 21:20:00,1.29547,1.2955,1.2953,1.29542
2020-09-08 22:20:00,1.29591,1.29593,1.29578,1.29581
2020-09-08 23:20:00,1.2965,1.2965,1.29614,1.29614
2020-09-09 00:20:00,1.29662,1.29669,1.29658,1.29667
2020-09-09 01:20:00,1.2969,1.29698,1.2969,1.29698
2020-09-09 02:20:00,1.2944,1.29449,1.29429,1.29437
2020-09-09 03:20:00,1.29408,1.29454,1.29401,1.29454
2020-09-09 04:20:00,1.29458,1.29472,1.29433,1.29451
2020-09-09 05:20:00,1.29428,1.29439,1.29419,1.29436
2020-09-09 06:20:00,1.29427,1.29441,1.29426,1.29441
2020-09-09 07:20:00,1.29451,1.29452,1.294,1.29412
2020-09-09 08:20:00,1.29168,1.29173,1.29165,1.29167
2020-09-09 09:20:00,1.29865,1.29866,1.2978,1.29803
2020-09-09 10:20:00,1.29827,1.29902,1.29827,1.2989
2020-09-09 11:20:00,1.30016,1.30025,1.30011,1.30022
2020-09-09 12:20:00,1.30058,1.30067,1.30048,1.30048
2020-09-09 13:20:00,1.30027,1.30082,1.30002,1.30082
2020-09-09 14:20:00,1.29918,1.29918,1.29914,1.29915
2020-09-09 15:20:00,1.29967,1.29981,1.29966,1.29975
2020-09-09 16:20:00,1.30029,1.30029,1.30012,1.30012
2020-09-09 17:24:00,1.29916,1.29916,1.29889,1.29893
2020-09-09 18:25:00,1.30051,1.30056,1.30048,1.30048
2020-09-09 19:25:00,1.30017,1.30031,1.3001,1.30017
2020-09-09 20:25:00,1.3,1.30002,1.2996,1.29963
2020-09-09 21:25:00,1.29869,1.29876,1.29865,1.29873
2020-09-09 22:25:00,1.29857,1.29858,1.29847,1.29857
2020-09-09 23:25:00,1.29986,1.29987,1.29973,1.29978
2020-09-10 00:25:00,1.29958,1.2996,1.29956,1.29956
2020-09-10 01:26:00,1.29989,1.29991,1.29985,1.29991
2020-09-10 02:26:00,1.30278,1.30302,1.30257,1.30301
2020-09-10 03:26:00,1.30088,1.30109,1.3006,1.301
2020-09-10 04:26:00,1.30027,1.30046,1.30026,1.30028
2020-09-10 05:26:00,1.30295,1.30299,1.30282,1.30289
2020-09-10 06:26:00,1.30237,1.30237,1.30227,1.30232
2020-09-10 07:26:00,1.29902,1.29921,1.29886,1.29892
2020-09-10 08:26:00,1.29305,1.29305,1.2927,1.29271
2020-09-10 09:26:00,1.29648,1.29687,1.29647,1.2968
2020-09-10 10:26:00,1.29243,1.29267,1.29229,1.29233
2020-09-10 11:26:00,1.28756,1.2876,1.28737,1.28747
2020-09-10 12:26:00,1.2819,1.28191,1.28169,1.28173
2020-09-10 13:26:00,1.2833,1.28338,1.28308,1.28336
2020-09-10 14:26:00,1.28045,1.28045,1.27986,1.27993
2020-09-10 15:26:00,1.27819,1.27825,1.27732,1.27739
2020-09-10 16:26:00,1.27979,1.28013,1.27979,1.28012
2020-09-10 17:26:00,1.28022,1.28022,1.28018,1.2802
2020-09-10 18:26:00,1.28078,1.28102,1.28073,1.28102
2020-09-10 19:26:00,1.28121,1.28125,1.28115,1.28117
2020-09-10 20:26:00,1.28072,1.28073,1.28055,1.28056
2020-09-10 21:26:00,1.28086,1.28091,1.28085,1.28088
2020-09-10 22:26:00,1.28187,1.28196,1.28186,1.28188
2020-09-10 23:26:00,1.2817,1.28172,1.28164,1.28172
2020-09-11 00:26:00,1.28295,1.28295,1.28284,1.28285
2020-09-11 01:26:00,1.28209,1.28214,1.28206,1.28214
2020-09-11 02:26:00,1.28155,1.28161,1.2813,1.28133
2020-09-11 03:26:00,1.2856,1.28633,1.28551,1.28575
2020-09-11 04:26:00,1.28337,1.28349,1.28319,1.28319
2020-09-11 05:26:00,1.27874,1.27893,1.27852,1.27865
2020-09-11 06:26:00,1.28023,1.28048,1.28023,1.28043
2020-09-11 07:26:00,1.28269,1.28294,1.28268,1.28271
2020-09-11 08:26:00,1.28269,1.28281,1.28261,1.28279
2020-09-11 09:26:00,1.27907,1.27933,1.27893,1.27933
2020-09-11 10:26:00,1.28188,1.28194,1.28158,1.28173
2020-09-11 11:26:00,1.27815,1.27836,1.27785,1.27798
2020-09-11 12:26:00,1.2785,1.27867,1.2785,1.27867
2020-09-11 13:26:00,1.27851,1.27851,1.27811,1.27816
2020-09-11 14:26:00,1.27932,1.27932,1.27912,1.27914
2020-09-11 15:26:00,1.28,1.28,1.27969,1.27984
2020-09-11 16:26:00,1.28017,1.28022,1.28017,1.28017
2020-09-13 17:34:00,1.27897,1.27898,1.27894,1.27898
2020-09-13 18:36:00,1.28062,1.28062,1.28058,1.28058
2020-09-13 19:36:00,1.28013,1.2803,1.28013,1.28029
2020-09-13 20:36:00,1.27954,1.27961,1.27939,1.2794
2020-09-13 21:36:00,1.28061,1.28078,1.28051,1.28078
2020-09-13 22:36:00,1.28222,1.28224,1.28212,1.28224
2020-09-13 23:36:00,1.28252,1.28253,1.28252,1.28253
2020-09-14 00:36:00,1.28196,1.28197,1.28192,1.28192
2020-09-14 01:36:00,1.28185,1.28216,1.28181,1.28213
2020-09-14 02:36:00,1.28186,1.28192,1.28185,1.28185
2020-09-14 03:36:00,1.28393,1.28401,1.28372,1.28374
2020-09-14 04:36:00,1.28544,1.28554,1.28534,1.28553
2020-09-14 05:36:00,1.28475,1.28476,1.28437,1.28439
2020-09-14 06:36:00,1.28694,1.2871,1.28665,1.28691
2020-09-14 07:36:00,1.28757,1.28759,1.28747,1.28752
2020-09-14 08:36:00,1.28603,1.28624,1.286,1.28609
2020-09-14 09:36:00,1.28957,1.2896,1.28918,1.28928
2020-09-14 10:36:00,1.28762,1.28764,1.28708,1.28718
2020-09-14 11:36:00,1.28873,1.28883,1.28869,1.28881
2020-09-14 12:36:00,1.28757,1.28766,1.28754,1.2876
2020-09-14 13:36:00,1.28654,1.28671,1.28648,1.28669
2020-09-14 14:36:00,1.28558,1.28559,1.28552,1.28552
2020-09-14 15:36:00,1.28629,1.28633,1.28621,1.28622
2020-09-14 16:38:00,1.28515,1.28516,1.28509,1.28513
2020-09-14 17:38:00,1.28456,1.28458,1.28456,1.28456
2020-09-14 18:39:00,1.28498,1.285,1.28498,1.285
2020-09-14 19:39:00,1.28493,1.28495,1.28492,1.28493
2020-09-14 20:39:00,1.28413,1.28419,1.28409,1.28409
2020-09-14 21:39:00,1.28248,1.28254,1.28245,1.28246
2020-09-14 22:39:00,1.28403,1.28405,1.28394,1.28394
2020-09-14 23:39:00,1.28544,1.28544,1.28538,1.28539
2020-09-15 00:39:00,1.28623,1.28623,1.28608,1.2861
2020-09-15 01:39:00,1.28606,1.28606,1.28591,1.28591
2020-09-15 02:39:00,1.28716,1.28716,1.28695,1.28695
2020-09-15 03:39:00,1.28632,1.28653,1.28629,1.28638
2020-09-15 04:39:00,1.288,1.288,1.28782,1.28794
2020-09-15 05:39:00,1.28987,1.28992,1.28973,1.28976
2020-09-15 06:39:00,1.29098,1.29102,1.29076,1.29078
2020-09-15 07:39:00,1.29212,1.29212,1.29166,1.29172
2020-09-15 08:39:00,1.28998,1.29,1.2897,1.28978
2020-09-15 09:39:00,1.28834,1.28862,1.2883,1.2884
2020-09-15 10:39:00,1.28739,1.28739,1.28685,1.28688
2020-09-15 11:39:00,1.28579,1.2858,1.28561,1.28579
2020-09-15 12:39:00,1.28823,1.28831,1.28818,1.28819
2020-09-15 13:39:00,1.28983,1.28983,1.28957,1.28957
2020-09-15 14:39:00,1.28902,1.28915,1.28897,1.28911
2020-09-15 15:39:00,1.28858,1.28863,1.28856,1.28856
2020-09-15 16:39:00,1.28888,1.28894,1.28883,1.28894
2020-09-15 17:39:00,1.28882,1.28885,1.28881,1.28881
2020-09-15 18:42:00,1.28905,1.28905,1.28905,1.28905
2020-09-15 19:42:00,1.2877,1.28776,1.28767,1.28776
2020-09-15 20:42:00,1.28821,1.28826,1.28819,1.2882
2020-09-15 21:42:00,1.28965,1.28975,1.28961,1.28974
2020-09-15 22:42:00,1.2905,1.29055,1.29047,1.29049
2020-09-15 23:42:00,1.29042,1.29045,1.29028,1.29028
2020-09-16 00:42:00,1.28944,1.28945,1.28934,1.28941
2020-09-16 01:42:00,1.28928,1.2893,1.28926,1.28926
2020-09-16 02:42:00,1.2897,1.28977,1.28955,1.28977
2020-09-16 03:42:00,1.28801,1.28813,1.28794,1.28811
2020-09-16 04:42:00,1.29037,1.29055,1.29025,1.29055
2020-09-16 05:42:00,1.29304,1.29323,1.29292,1.29309
2020-09-16 06:42:00,1.29557,1.29557,1.29462,1.29473
2020-09-16 07:42:00,1.29705,1.29719,1.29705,1.29714
2020-09-16 08:42:00,1.29822,1.29863,1.29801,1.29858
2020-09-16 09:42:00,1.29699,1.29704,1.29672,1.29675
2020-09-16 10:42:00,1.29898,1.2992,1.29877,1.29883
2020-09-16 11:42:00,1.29916,1.29916,1.29871,1.29871
2020-09-16 12:42:00,1.2987,1.29873,1.29866,1.2987
2020-09-16 13:42:00,1.2969,1.29729,1.29674,1.29727
2020-09-16 14:42:00,1.29841,1.29847,1.29821,1.29835
2020-09-16 15:42:00,1.2944,1.29457,1.29433,1.29443
2020-09-16 16:42:00,1.29657,1.29659,1.29641,1.29656
2020-09-16 17:42:00,1.29662,1.29676,1.29662,1.29666
2020-09-16 18:44:00,1.29714,1.2973,1.29714,1.2973
2020-09-16 19:44:00,1.29622,1.29624,1.2962,1.2962
2020-09-16 20:44:00,1.29369,1.2939,1.29369,1.29372
2020-09-16 21:44:00,1.29318,1.29334,1.29308,1.29318
2020-09-16 22:44:00,1.29264,1.29268,1.29253,1.29257
2020-09-16 23:44:00,1.29174,1.29185,1.29171,1.29185
2020-09-17 00:44:00,1.29191,1.29191,1.29179,1.29186
2020-09-17 01:44:00,1.29321,1.29329,1.293,1.29313
2020-09-17 02:44:00,1.29412,1.29453,1.29403,1.29452
2020-09-17 03:44:00,1.2948,1.29497,1.29461,1.29486
2020-09-17 04:44:00,1.2955,1.29551,1.29538,1.29542
2020-09-17 05:44:00,1.29708,1.29717,1.29687,1.29695
2020-09-17 06:44:00,1.29638,1.29672,1.29621,1.29666
2020-09-17 07:44:00,1.28846,1.28905,1.28834,1.28886
2020-09-17 08:44:00,1.28842,1.28847,1.28808,1.28822
2020-09-17 09:44:00,1.28883,1.28884,1.28851,1.28867
2020-09-17 10:44:00,1.29463,1.29492,1.2944,1.29441
2020-09-17 11:44:00,1.29533,1.2954,1.29512,1.29521
2020-09-17 12:44:00,1.29418,1.29436,1.29409,1.29433
2020-09-17 13:44:00,1.29399,1.294,1.29396,1.29399
2020-09-17 14:44:00,1.29585,1.29598,1.29582,1.29592
2020-09-17 15:44:00,1.29704,1.29713,1.29688,1.2969
2020-09-17 16:44:00,1.29784,1.29789,1.29782,1.29784
2020-09-17 17:44:00,1.29734,1.29748,1.29722,1.29745
2020-09-17 18:44:00,1.29776,1.29776,1.29765,1.29768
2020-09-17 19:44:00,1.29761,1.29762,1.29758,1.29759
2020-09-17 20:44:00,1.2982,1.29826,1.29819,1.29823
2020-09-17 21:44:00,1.29691,1.29703,1.29663,1.29669
2020-09-17 22:44:00,1.29457,1.29458,1.29451,1.29454
2020-09-17 23:44:00,1.2956,1.29569,1.29555,1.29559
2020-09-18 00:44:00,1.29571,1.29584,1.2957,1.29582
2020-09-18 01:44:00,1.29644,1.29644,1.29612,1.29615
2020-09-18 02:44:00,1.29685,1.29685,1.29649,1.29659
2020-09-18 03:44:00,1.29836,1.29838,1.29815,1.29828
2020-09-18 04:44:00,1.29851,1.29853,1.29806,1.29806
2020-09-18 05:44:00,1.29907,1.29928,1.29907,1.29926
2020-09-18 06:44:00,1.29811,1.29827,1.29808,1.29816
2020-09-18 07:44:00,1.29733,1.29733,1.29691,1.29698
2020-09-18 08:44:00,1.29705,1.29732,1.29685,1.29732
2020-09-18 09:44:00,1.29558,1.29589,1.29538,1.29548
2020-09-18 10:44:00,1.29634,1.29651,1.29622,1.29637
2020-09-18 11:44:00,1.29421,1.29443,1.29421,1.2944
2020-09-18 12:44:00,1.29477,1.29486,1.29477,1.29486
2020-09-18 13:44:00,1.29241,1.29262,1.29238,1.2924
2020-09-18 14:44:00,1.29309,1.29309,1.29287,1.29291
2020-09-18 15:44:00,1.29183,1.29191,1.29172,1.29174
2020-09-18 16:44:00,1.29157,1.29193,1.29149,1.29192
2020-09-20 17:54:00,1.29274,1.29337,1.29273,1.29287
2020-09-20 18:54:00,1.29294,1.29299,1.29294,1.29299
2020-09-20 19:54:00,1.29344,1.29346,1.29335,1.29342
2020-09-20 20:54:00,1.29522,1.29527,1.29508,1.29514
2020-09-20 21:54:00,1.29501,1.29517,1.29494,1.29512
2020-09-20 22:54:00,1.29572,1.29573,1.29566,1.29571
2020-09-20 23:54:00,1.29586,1.29592,1.29582,1.29582
2020-09-21 00:54:00,1.29562,1.29573,1.29562,1.29563
2020-09-21 01:54:00,1.29502,1.29502,1.29487,1.29488
2020-09-21 02:54:00,1.29614,1.29629,1.29581,1.29586
2020-09-21 03:54:00,1.29024,1.29026,1.28973,1.29011
2020-09-21 04:54:00,1.28382,1.28389,1.28367,1.28383
2020-09-21 05:54:00,1.28471,1.28511,1.28469,1.28507
2020-09-21 06:54:00,1.28519,1.28519,1.28479,1.28494
2020-09-21 07:54:00,1.28621,1.28632,1.28619,1.28631
2020-09-21 08:54:00,1.28441,1.28488,1.28423,1.28482
2020-09-21 09:54:00,1.2819,1.28223,1.28188,1.28212
2020-09-21 10:54:00,1.27998,1.28039,1.27989,1.2802
2020-09-21 11:54:00,1.27979,1.27998,1.27973,1.27982
2020-09-21 12:54:00,1.27946,1.27946,1.27898,1.27906
2020-09-21 13:54:00,1.27891,1.27895,1.27871,1.27873
2020-09-21 14:54:00,1.27928,1.27957,1.27928,1.27952
2020-09-21 15:54:00,1.28137,1.28143,1.28132,1.28135
2020-09-21 16:54:00,1.28155,1.28157,1.28154,1.28155
2020-09-21 17:54:00,1.2813,1.28131,1.28124,1.28126
2020-09-21 18:54:00,1.28163,1.28176,1.28162,1.28167
2020-09-21 19:54:00,1.28186,1.28186,1.28186,1.28186
2020-09-21 20:54:00,1.28188,1.28192,1.28175,1.28177
2020-09-21 21:54:00,1.28069,1.28077,1.2806,1.28067
2020-09-21 22:54:00,1.2815,1.28151,1.28125,1.2813
2020-09-21 23:54:00,1.28182,1.28182,1.28166,1.2818
2020-09-22 00:54:00,1.2819,1.28215,1.2819,1.28214
2020-09-22 01:54:00,1.28027,1.28032,1.28008,1.28009
2020-09-22 02:54:00,1.27859,1.27877,1.2784,1.27877
2020-09-22 03:54:00,1.27355,1.27591,1.27355,1.27574
2020-09-22 04:54:00,1.28149,1.28168,1.28135,1.28137
2020-09-22 05:54:00,1.27887,1.27893,1.27866,1.27873
2020-09-22 06:54:00,1.28568,1.28609,1.2855,1.28587
2020-09-22 07:54:00,1.28069,1.28122,1.2806,1.28077
2020-09-22 08:54:00,1.27954,1.27969,1.27932,1.27959
2020-09-22 09:54:00,1.27664,1.27664,1.276,1.27608
2020-09-22 10:54:00,1.27276,1.27383,1.27262,1.27349
2020-09-22 11:54:00,1.27161,1.27179,1.27105,1.27105
2020-09-22 12:54:00,1.27178,1.27182,1.2717,1.2718
2020-09-22 13:54:00,1.27326,1.27331,1.27317,1.27319
2020-09-22 14:54:00,1.27341,1.27349,1.27333,1.27339
2020-09-22 15:54:00,1.27337,1.27349,1.27337,1.27349
2020-09-22 16:55:00,1.27328,1.27338,1.27327,1.2733
2020-09-22 18:00:00,1.27354,1.2736,1.27327,1.27327
2020-09-22 19:00:00,1.27338,1.27343,1.27337,1.27337
2020-09-22 20:00:00,1.27423,1.27433,1.27417,1.27432
2020-09-22 21:00:00,1.27206,1.27241,1.27199,1.27241
2020-09-22 22:00:00,1.27284,1.27287,1.27244,1.27269
2020-09-22 23:00:00,1.2721,1.2721,1.27192,1.27194
2020-09-23 00:00:00,1.27235,1.27235,1.27212,1.27212
2020-09-23 01:00:00,1.27172,1.27184,1.27166,1.27172
2020-09-23 02:00:00,1.2724,1.27243,1.27214,1.27228
2020-09-23 03:00:00,1.26995,1.27027,1.26983,1.27016
2020-09-23 04:00:00,1.26984,1.27004,1.26942,1.27004
2020-09-23 05:00:00,1.2704,1.27044,1.26978,1.27029
2020-09-23 06:00:00,1.27345,1.27355,1.2734,1.27345
2020-09-23 07:00:00,1.2721,1.27226,1.27194,1.27203
2020-09-23 08:00:00,1.27244,1.27259,1.272,1.27226
2020-09-23 09:00:00,1.27421,1.27553,1.27409,1.27553
2020-09-23 10:00:00,1.27441,1.27495,1.27431,1.27483
2020-09-23 11:00:00,1.27629,1.2763,1.27588,1.27614
2020-09-23 12:00:00,1.27519,1.27519,1.27473,1.27508
2020-09-23 13:00:00,1.27567,1.27568,1.27544,1.27565
2020-09-23 14:00:00,1.27449,1.2745,1.27386,1.27391
2020-09-23 15:00:00,1.27149,1.27163,1.27089,1.27103
2020-09-23 16:00:00,1.27191,1.27203,1.27173,1.27195
2020-09-23 17:00:00,1.27221,1.27221,1.27125,1.27172
2020-09-23 18:00:00,1.27225,1.2725,1.27225,1.27249
2020-09-23 19:00:00,1.27235,1.27249,1.27235,1.27244
2020-09-23 20:00:00,1.27133,1.27187,1.27133,1.27151
2020-09-23 21:00:00,1.27311,1.27311,1.27284,1.27284
2020-09-23 22:00:00,1.27203,1.27224,1.272,1.27203
2020-09-23 23:00:00,1.27175,1.27175,1.27154,1.27154
2020-09-24 00:00:00,1.27135,1.27137,1.27128,1.27129
2020-09-24 01:00:00,1.26996,1.27023,1.26996,1.27018
2020-09-24 02:00:00,1.27065,1.27084,1.27038,1.27049
2020-09-24 03:00:00,1.27006,1.27015,1.26926,1.26998
2020-09-24 04:00:00,1.27306,1.27353,1.27302,1.27347
2020-09-24 05:00:00,1.27366,1.27372,1.27333,1.27371
2020-09-24 06:00:00,1.27409,1.27444,1.27409,1.2744
2020-09-24 07:00:00,1.27534,1.27574,1.27519,1.2756
2020-09-24 08:00:00,1.27431,1.27442,1.27383,1.27383
2020-09-24 09:00:00,1.27577,1.27577,1.27513,1.27524
2020-09-24 10:00:00,1.27419,1.27434,1.27366,1.27398
2020-09-24 11:00:00,1.27138,1.27203,1.27137,1.27182
2020-09-24 12:00:00,1.27369,1.27388,1.2734,1.27385
2020-09-24 13:00:00,1.27519,1.27548,1.27516,1.27544
2020-09-24 14:00:00,1.27622,1.27651,1.2761,1.27612
2020-09-24 15:00:00,1.27403,1.27427,1.27377,1.27395
2020-09-24 16:00:00,1.27437,1.27443,1.27417,1.27437
2020-09-24 17:02:00,1.27462,1.27462,1.27462,1.27462
2020-09-24 18:06:00,1.27482,1.27494,1.27481,1.27491
2020-09-24 19:06:00,1.27463,1.27464,1.2746,1.2746
2020-09-24 20:06:00,1.27519,1.27538,1.27515,1.27534
2020-09-24 21:06:00,1.27511,1.27516,1.27511,1.27512
2020-09-24 22:06:00,1.27467,1.2748,1.27466,1.27479
2020-09-24 23:06:00,1.2755,1.27569,1.2755,1.27557
2020-09-25 00:06:00,1.27483,1.27483,1.27466,1.27474
2020-09-25 01:06:00,1.27541,1.27542,1.27525,1.27532
2020-09-25 02:06:00,1.27544,1.27548,1.27528,1.27545
2020-09-25 03:06:00,1.27713,1.27713,1.27665,1.27708
2020-09-25 04:06:00,1.27801,1.27826,1.27799,1.27821
2020-09-25 05:06:00,1.27521,1.27545,1.27521,1.27545
2020-09-25 06:06:00,1.27173,1.27184,1.2715,1.27151
2020-09-25 07:06:00,1.26975,1.27008,1.26964,1.27004
2020-09-25 08:06:00,1.27391,1.27429,1.27391,1.27428
2020-09-25 09:06:00,1.27351,1.27355,1.27327,1.27328
2020-09-25 10:06:00,1.27083,1.27117,1.2708,1.27089
2020-09-25 11:06:00,1.27025,1.27055,1.26921,1.26924
2020-09-25 12:06:00,1.2711,1.27131,1.2711,1.27125
2020-09-25 13:06:00,1.27009,1.27022,1.26998,1.27019
2020-09-25 14:06:00,1.2719,1.27214,1.27188,1.27194
2020-09-25 15:06:00,1.2739,1.2739,1.27369,1.27387
2020-09-25 16:06:00,1.27492,1.27492,1.27485,1.2749
2020-09-27 17:08:00,1.27542,1.27542,1.27541,1.27541
2020-09-27 18:09:00,1.27611,1.27611,1.27609,1.27611
2020-09-27 19:09:00,1.27567,1.27573,1.27565,1.27566
2020-09-27 20:09:00,1.27567,1.27568,1.27561,1.27567
2020-09-27 21:09:00,1.27601,1.27601,1.27578,1.27586
2020-09-27 22:09:00,1.27664,1.27664,1.27654,1.27659
2020-09-27 23:09:00,1.27667,1.27668,1.27666,1.27668
2020-09-28 00:09:00,1.27732,1.27732,1.27726,1.27726
2020-09-28 01:09:00,1.27701,1.27704,1.27699,1.27704
2020-09-28 02:09:00,1.27755,1.27755,1.27712,1.27715
2020-09-28 03:09:00,1.27668,1.27683,1.27621,1.27631
2020-09-28 04:09:00,1.27975,1.27995,1.27964,1.27974
2020-09-28 05:09:00,1.28387,1.28389,1.28352,1.28359
2020-09-28 06:09:00,1.28753,1.28769,1.28746,1.28757
2020-09-28 07:09:00,1.29053,1.29067,1.2904,1.29042
2020-09-28 08:09:00,1.28996,1.28996,1.28967,1.2897
2020-09-28 09:09:00,1.28632,1.28661,1.28624,1.28636
2020-09-28 10:09:00,1.28636,1.28662,1.28621,1.28637
2020-09-28 11:09:00,1.28536,1.28539,1.28522,1.28527
2020-09-28 12:09:00,1.28464,1.28519,1.28464,1.28489
2020-09-28 13:09:00,1.28514,1.28515,1.28488,1.28488
2020-09-28 14:09:00,1.28473,1.28477,1.28471,1.28477
2020-09-28 15:09:00,1.28344,1.28347,1.28344,1.28347
2020-09-28 16:09:00,1.28325,1.28325,1.28301,1.28301
2020-09-28 17:11:00,1.28345,1.2835,1.28345,1.2835
2020-09-28 18:11:00,1.28353,1.28353,1.28345,1.28352
2020-09-28 19:11:00,1.28441,1.28444,1.28433,1.28442
2020-09-28 20:11:00,1.28713,1.2872,1.28699,1.28708
2020-09-28 21:11:00,1.28634,1.28637,1.28628,1.28634
2020-09-28 22:11:00,1.28444,1.28446,1.2844,1.28444
2020-09-28 23:11:00,1.28435,1.28446,1.28435,1.28446
2020-09-29 00:11:00,1.28538,1.28554,1.28538,1.28553
2020-09-29 01:11:00,1.28588,1.28588,1.28581,1.28583
2020-09-29 02:11:00,1.28649,1.28667,1.28618,1.28658
2020-09-29 03:11:00,1.28385,1.28404,1.28372,1.28404
2020-09-29 04:11:00,1.28693,1.28754,1.28693,1.28754
2020-09-29 05:11:00,1.28874,1.28874,1.28826,1.28834
2020-09-29 06:11:00,1.28537,1.28574,1.28537,1.28572
2020-09-29 07:11:00,1.28732,1.28737,1.28696,1.28701
2020-09-29 08:11:00,1.28607,1.28616,1.28597,1.28606
2020-09-29 09:11:00,1.28429,1.28446,1.28418,1.28432
2020-09-29 10:11:00,1.28614,1.28635,1.28596,1.28608
2020-09-29 11:11:00,1.28408,1.28429,1.28405,1.28423
2020-09-29 12:11:00,1.28379,1.284,1.28356,1.28358
2020-09-29 13:11:00,1.28482,1.28484,1.28468,1.28471
2020-09-29 14:11:00,1.28542,1.28551,1.28536,1.2855
2020-09-29 15:11:00,1.28635,1.2864,1.28626,1.28626
2020-09-29 16:11:00,1.28585,1.28588,1.28582,1.28582
2020-09-29 17:11:00,1.28561,1.28561,1.2856,1.2856
2020-09-29 18:17:00,1.2858,1.28581,1.28578,1.28579
2020-09-29 19:17:00,1.28671,1.28676,1.28671,1.28675
2020-09-29 20:17:00,1.28654,1.28663,1.28654,1.28655
2020-09-29 21:17:00,1.28586,1.28614,1.28586,1.28609
2020-09-29 22:17:00,1.28632,1.28663,1.28632,1.28657
2020-09-29 23:17:00,1.2846,1.2846,1.28431,1.28449
2020-09-30 00:17:00,1.28404,1.28416,1.28399,1.28406
2020-09-30 01:17:00,1.28439,1.28443,1.28437,1.28437
2020-09-30 02:17:00,1.28278,1.28302,1.28269,1.28289
2020-09-30 03:17:00,1.28304,1.2831,1.28264,1.2831
2020-09-30 04:17:00,1.28231,1.28269,1.28227,1.28256
2020-09-30 05:17:00,1.28154,1.2816,1.2815,1.28157
2020-09-30 06:17:00,1.28315,1.28322,1.28287,1.28287
2020-09-30 07:17:00,1.28348,1.28353,1.28324,1.28341
2020-09-30 08:17:00,1.28316,1.28372,1.28315,1.28351
2020-09-30 09:17:00,1.28565,1.28568,1.28554,1.28563
2020-09-30 10:17:00,1.2895,1.29046,1.28945,1.29037
2020-09-30 11:17:00,1.29352,1.29387,1.29322,1.29381
2020-09-30 12:17:00,1.29053,1.29053,1.2904,1.29043
2020-09-30 13:17:00,1.29052,1.29052,1.29033,1.29043
2020-09-30 14:17:00,1.29116,1.29135,1.29115,1.29135
2020-09-30 15:17:00,1.2902,1.2902,1.28994,1.29
2020-09-30 16:17:00,1.29013,1.29041,1.29013,1.29041
2020-09-30 17:17:00,1.2915,1.29152,1.2915,1.2915
2020-09-30 18:18:00,1.29244,1.29245,1.29243,1.29244
2020-09-30 19:18:00,1.29194,1.29196,1.29194,1.29195
2020-09-30 20:18:00,1.29214,1.2922,1.29214,1.29215
2020-09-30 21:18:00,1.29235,1.29235,1.29226,1.29226
2020-09-30 22:18:00,1.29344,1.29359,1.29344,1.29357
2020-09-30 23:18:00,1.29399,1.29401,1.29392,1.29401
2020-10-01 00:00:00,1.29354,1.29355,1.29336,1.29338
2020-10-01 01:00:00,1.29374,1.29386,1.29373,1.29384
2020-10-01 02:00:00,1.29424,1.29451,1.29418,1.29432
2020-10-01 03:00:00,1.29414,1.29437,1.29359,1.29374
2020-10-01 04:00:00,1.28904,1.28906,1.28866,1.28875
2020-10-01 05:00:00,1.28246,1.28246,1.28217,1.28229
2020-10-01 06:00:00,1.28496,1.28506,1.28476,1.28479
2020-10-01 07:00:00,1.28349,1.28375,1.2834,1.28363
2020-10-01 08:00:00,1.29654,1.29669,1.29612,1.29615
2020-10-01 09:00:00,1.295,1.29613,1.29486,1.29523
2020-10-01 10:00:00,1.28694,1.2877,1.28694,1.2873
2020-10-01 11:00:00,1.28694,1.28732,1.2866,1.28668
2020-10-01 12:00:00,1.29,1.29001,1.28938,1.28938
2020-10-01 13:00:00,1.28935,1.28951,1.2893,1.28941
2020-10-01 14:00:00,1.28758,1.28811,1.28754,1.28774
2020-10-01 15:00:00,1.28918,1.28941,1.28875,1.28904
2020-10-01 16:00:00,1.28879,1.28919,1.28879,1.28899
2020-10-01 17:10:00,1.28787,1.28863,1.28787,1.288
2020-10-01 18:21:00,1.28873,1.28882,1.28873,1.28882
2020-10-01 19:21:00,1.28842,1.28846,1.28838,1.28845
2020-10-01 20:21:00,1.28815,1.28836,1.2881,1.28834
2020-10-01 21:21:00,1.28771,1.28774,1.28761,1.28761
2020-10-01 22:21:00,1.28709,1.28711,1.28707,1.2871
2020-10-01 23:21:00,1.2861,1.28621,1.2861,1.28614
2020-10-02 00:21:00,1.28612,1.28612,1.28592,1.28599
2020-10-02 01:21:00,1.28597,1.28615,1.28594,1.2861
2020-10-02 02:21:00,1.28737,1.2874,1.28714,1.28719
2020-10-02 03:21:00,1.28684,1.28708,1.28684,1.28691
2020-10-02 04:21:00,1.29079,1.29107,1.29066,1.29094
2020-10-02 05:21:00,1.2937,1.29445,1.2937,1.29427
2020-10-02 06:21:00,1.2914,1.29192,1.2914,1.29185
2020-10-02 07:21:00,1.29122,1.29124,1.29064,1.29072
2020-10-02 08:21:00,1.29352,1.29367,1.29342,1.2936
2020-10-02 09:21:00,1.29017,1.29112,1.29011,1.29112
2020-10-02 10:21:00,1.29328,1.29342,1.29313,1.29318
2020-10-02 11:21:00,1.29398,1.29443,1.29398,1.29425
2020-10-02 12:21:00,1.29412,1.29412,1.2938,1.29392
2020-10-02 13:21:00,1.29347,1.29348,1.29331,1.2934
2020-10-02 14:21:00,1.29362,1.29362,1.29359,1.29361
2020-10-02 15:21:00,1.29312,1.29314,1.29304,1.29306
2020-10-02 16:21:00,1.29396,1.29412,1.29396,1.29401
2020-10-04 17:29:00,1.29281,1.29281,1.29281,1.29281
2020-10-04 18:29:00,1.2921,1.2921,1.29194,1.29204
2020-10-04 19:29:00,1.29295,1.29297,1.29288,1.29295
2020-10-04 20:29:00,1.29436,1.2945,1.29436,1.29448
2020-10-04 21:29:00,1.29393,1.29397,1.29379,1.29388
2020-10-04 22:29:00,1.29469,1.29471,1.29463,1.29467
2020-10-04 23:29:00,1.29482,1.29485,1.29477,1.29478
2020-10-05 00:29:00,1.29379,1.29382,1.29379,1.29382
2020-10-05 01:29:00,1.29338,1.29355,1.29338,1.29349
2020-10-05 02:29:00,1.29338,1.2934,1.29331,1.29331
2020-10-05 03:29:00,1.29085,1.29115,1.29079,1.29103
2020-10-05 04:29:00,1.29459,1.29482,1.29459,1.29476
2020-10-05 05:29:00,1.29502,1.29515,1.29499,1.29512
2020-10-05 06:29:00,1.29454,1.29454,1.29414,1.29424
2020-10-05 07:29:00,1.29397,1.29401,1.29374,1.29378
2020-10-05 08:29:00,1.29498,1.29506,1.29476,1.29502
2020-10-05 09:29:00,1.29739,1.2974,1.29734,1.29737
2020-10-05 10:29:00,1.29767,1.29769,1.29752,1.29758
2020-10-05 11:29:00,1.29716,1.2973,1.29698,1.29699
2020-10-05 12:29:00,1.29678,1.29691,1.29678,1.29691
2020-10-05 13:29:00,1.29858,1.29869,1.29854,1.29856
2020-10-05 14:29:00,1.29753,1.29765,1.29746,1.29746
2020-10-05 15:29:00,1.29855,1.29856,1.29844,1.29854
2020-10-05 16:29:00,1.29822,1.29822,1.29822,1.29822
2020-10-05 17:30:00,1.29746,1.29773,1.2972,1.29772
2020-10-05 18:31:00,1.29874,1.29878,1.29874,1.29877
2020-10-05 19:31:00,1.2988,1.29883,1.29879,1.29883
2020-10-05 20:31:00,1.29942,1.29943,1.29939,1.29939
2020-10-05 21:31:00,1.29876,1.29876,1.29858,1.29859
2020-10-05 22:31:00,1.29853,1.29855,1.2985,1.29851
2020-10-05 23:31:00,1.29958,1.29973,1.29945,1.29963
2020-10-06 00:31:00,1.29911,1.29912,1.29904,1.29911
2020-10-06 01:31:00,1.29855,1.29877,1.29855,1.29872
2020-10-06 02:31:00,1.29873,1.29891,1.29873,1.29889
2020-10-06 03:31:00,1.29882,1.299,1.29857,1.2986
2020-10-06 04:31:00,1.29738,1.29756,1.29723,1.29756
2020-10-06 05:31:00,1.29851,1.29874,1.29849,1.29873
2020-10-06 06:31:00,1.29732,1.29733,1.29681,1.29682
2020-10-06 07:31:00,1.29442,1.29466,1.29429,1.29454
2020-10-06 08:31:00,1.29549,1.29554,1.29531,1.29533
2020-10-06 09:31:00,1.29607,1.29612,1.29566,1.29611
2020-10-06 10:31:00,1.29772,1.29782,1.29729,1.29731
2020-10-06 11:31:00,1.29561,1.29612,1.2955,1.29611
2020-10-06 12:31:00,1.29462,1.29463,1.29432,1.29433
2020-10-06 13:31:00,1.29344,1.29347,1.29335,1.29344
2020-10-06 14:31:00,1.29459,1.29481,1.29453,1.29481
2020-10-06 15:31:00,1.29027,1.29071,1.29023,1.29063
2020-10-06 16:31:00,1.28951,1.28976,1.28951,1.28976
2020-10-06 17:31:00,1.2874,1.28755,1.28699,1.2875
2020-10-06 18:31:00,1.28842,1.28844,1.28834,1.28836
2020-10-06 19:31:00,1.28803,1.28819,1.28803,1.28818
2020-10-06 20:31:00,1.28859,1.28859,1.28845,1.28845
2020-10-06 21:31:00,1.28708,1.28713,1.28694,1.28694
2020-10-06 22:31:00,1.28816,1.28831,1.2881,1.28822
2020-10-06 23:31:00,1.28835,1.28845,1.28833,1.28839
2020-10-07 00:31:00,1.28846,1.28852,1.28841,1.28852
2020-10-07 01:31:00,1.28863,1.28878,1.2886,1.28876
2020-10-07 02:31:00,1.28966,1.28985,1.28962,1.28983
2020-10-07 03:31:00,1.29224,1.29231,1.29184,1.29227
2020-10-07 04:31:00,1.29176,1.29238,1.29176,1.29236
2020-10-07 05:31:00,1.28871,1.28922,1.28863,1.28915
2020-10-07 06:31:00,1.28582,1.2864,1.28574,1.28638
2020-10-07 07:31:00,1.28625,1.28628,1.286,1.28601
2020-10-07 08:31:00,1.28823,1.28827,1.28782,1.28795
2020-10-07 09:31:00,1.2873,1.28813,1.2873,1.28798
2020-10-07 10:31:00,1.28802,1.28819,1.28776,1.28803
2020-10-07 11:31:00,1.29187,1.29202,1.29173,1.29183
2020-10-07 12:31:00,1.29113,1.29125,1.29078,1.29081
2020-10-07 13:31:00,1.29171,1.29171,1.29159,1.29169
2020-10-07 14:31:00,1.29093,1.29098,1.29093,1.29094
2020-10-07 15:31:00,1.29153,1.29155,1.29145,1.2915
2020-10-07 16:31:00,1.29143,1.29145,1.29142,1.29142
2020-10-07 17:40:00,1.29158,1.29158,1.29155,1.29157
2020-10-07 18:46:00,1.29215,1.29218,1.2921,1.29212
2020-10-07 19:46:00,1.29166,1.2917,1.2916,1.29162
2020-10-07 20:46:00,1.29231,1.29232,1.29221,1.29232
2020-10-07 21:46:00,1.29202,1.29213,1.29202,1.29212
2020-10-07 22:46:00,1.29254,1.29269,1.29253,1.29265
2020-10-07 23:46:00,1.29296,1.29296,1.29291,1.29291
2020-10-08 00:46:00,1.29285,1.29296,1.29285,1.29296
2020-10-08 01:46:00,1.29331,1.29341,1.2933,1.29334
2020-10-08 02:46:00,1.29489,1.29492,1.29463,1.29476
2020-10-08 03:46:00,1.29503,1.29513,1.29487,1.295
2020-10-08 04:46:00,1.29604,1.29609,1.2958,1.29584
2020-10-08 05:46:00,1.29248,1.29256,1.29218,1.29224
2020-10-08 06:46:00,1.29085,1.29115,1.29081,1.29083
2020-10-08 07:46:00,1.29047,1.29081,1.29047,1.29061
2020-10-08 08:46:00,1.29088,1.29126,1.29088,1.29115
2020-10-08 09:46:00,1.29191,1.29212,1.29171,1.29181
2020-10-08 10:46:00,1.29176,1.29193,1.29163,1.29186
2020-10-08 11:46:00,1.29342,1.29347,1.29341,1.29347
2020-10-08 12:46:00,1.29421,1.29439,1.2942,1.29433
2020-10-08 13:46:00,1.29416,1.29425,1.29416,1.29424
2020-10-08 14:46:00,1.29332,1.29336,1.29313,1.29314
2020-10-08 15:47:00,1.29306,1.29307,1.29286,1.293
2020-10-08 16:47:00,1.29329,1.2934,1.29326,1.29337
2020-10-08 17:49:00,1.29282,1.29282,1.29282,1.29282
2020-10-08 18:50:00,1.29355,1.29365,1.29353,1.29365
2020-10-08 19:50:00,1.29362,1.2937,1.29362,1.29369
2020-10-08 20:50:00,1.29395,1.29404,1.29392,1.29404
2020-10-08 21:50:00,1.29518,1.29518,1.29504,1.29514
2020-10-08 22:50:00,1.29537,1.29559,1.29536,1.2955
2020-10-08 23:50:00,1.29547,1.29547,1.29543,1.29543
2020-10-09 00:50:00,1.2954,1.2954,1.29536,1.29536
2020-10-09 01:50:00,1.29513,1.29515,1.29504,1.29504
2020-10-09 02:50:00,1.29476,1.29494,1.29468,1.29479
2020-10-09 03:50:00,1.29576,1.29584,1.29557,1.29562
2020-10-09 04:50:00,1.29406,1.29417,1.29378,1.29384
2020-10-09 05:50:00,1.29364,1.29376,1.2935,1.29362
2020-10-09 06:50:00,1.29439,1.29473,1.29433,1.29472
2020-10-09 07:50:00,1.2944,1.29457,1.29434,1.29447
2020-10-09 08:50:00,1.29557,1.29573,1.2954,1.29561
2020-10-09 09:50:00,1.29632,1.29635,1.29606,1.29615
2020-10-09 10:50:00,1.29959,1.29974,1.29954,1.2996
2020-10-09 11:50:00,1.30074,1.30091,1.30071,1.30082
2020-10-09 12:50:00,1.30206,1.30255,1.30198,1.3022
2020-10-09 13:50:00,1.30385,1.30387,1.30363,1.30363
2020-10-09 14:50:00,1.30381,1.30381,1.30366,1.30372
2020-10-09 15:50:00,1.30412,1.30421,1.3041,1.30411
2020-10-09 16:50:00,1.30462,1.30465,1.30459,1.30461
2020-10-11 17:50:00,1.30255,1.30256,1.3025,1.30253
2020-10-11 18:50:00,1.30334,1.30337,1.30334,1.30336
2020-10-11 19:50:00,1.3035,1.3035,1.30349,1.3035
2020-10-11 20:50:00,1.30288,1.3029,1.30278,1.3028
2020-10-11 21:50:00,1.3031,1.30323,1.3031,1.30319
2020-10-11 22:50:00,1.30274,1.30282,1.30272,1.30282
2020-10-11 23:50:00,1.30303,1.30303,1.30302,1.30303
2020-10-12 00:51:00,1.30381,1.30382,1.30381,1.30382
2020-10-12 01:51:00,1.3044,1.30456,1.3043,1.3045
2020-10-12 02:51:00,1.30479,1.30497,1.30479,1.30497
2020-10-12 03:51:00,1.30301,1.30304,1.30283,1.30297
2020-10-12 04:51:00,1.30232,1.30241,1.30223,1.30233
2020-10-12 05:51:00,1.30168,1.30181,1.30155,1.30166
2020-10-12 06:51:00,1.30055,1.30104,1.30052,1.30089
2020-10-12 07:51:00,1.30198,1.30213,1.30194,1.30198
2020-10-12 08:51:00,1.30385,1.30394,1.30353,1.30362
2020-10-12 09:51:00,1.30434,1.30437,1.30422,1.30433
2020-10-12 10:51:00,1.30607,1.30696,1.30606,1.30678
2020-10-12 11:51:00,1.30635,1.30653,1.30626,1.30641
2020-10-12 12:51:00,1.30652,1.30652,1.30634,1.30647
2020-10-12 13:51:00,1.30647,1.30651,1.30636,1.30646
2020-10-12 14:51:00,1.3061,1.30615,1.30609,1.30612
2020-10-12 15:51:00,1.30654,1.3066,1.30652,1.30657
2020-10-12 16:53:00,1.30653,1.30655,1.30651,1.30654
2020-10-12 17:54:00,1.3061,1.30621,1.3061,1.30621
2020-10-12 18:54:00,1.30653,1.30656,1.30653,1.30653
2020-10-12 19:54:00,1.30642,1.30646,1.30642,1.30642
2020-10-12 20:54:00,1.3045,1.3046,1.30442,1.30456
2020-10-12 21:54:00,1.30479,1.30484,1.30475,1.30483
2020-10-12 22:54:00,1.30431,1.30435,1.30425,1.30427
2020-10-12 23:54:00,1.30421,1.30421,1.30415,1.30421
2020-10-13 00:54:00,1.30464,1.30492,1.30464,1.30491
2020-10-13 01:54:00,1.30461,1.30462,1.3043,1.30431
2020-10-13 02:54:00,1.305,1.30504,1.30494,1.30501
2020-10-13 03:54:00,1.30353,1.30365,1.30299,1.30305
2020-10-13 04:54:00,1.30507,1.30558,1.30505,1.30554
2020-10-13 05:54:00,1.30448,1.30452,1.30426,1.30443
2020-10-13 06:54:00,1.30503,1.30516,1.30501,1.30507
2020-10-13 07:54:00,1.30224,1.30224,1.30198,1.30215
2020-10-13 08:54:00,1.30138,1.30147,1.30131,1.30144
2020-10-13 09:54:00,1.29658,1.29673,1.29652,1.29668
2020-10-13 10:54:00,1.29799,1.2982,1.29773,1.2978
2020-10-13 11:54:00,1.29718,1.29729,1.29707,1.29726
2020-10-13 12:54:00,1.29599,1.29618,1.29595,1.29607
2020-10-13 13:54:00,1.29397,1.29434,1.29397,1.29428
2020-10-13 14:54:00,1.29367,1.29378,1.29367,1.29377
2020-10-13 15:54:00,1.29416,1.29419,1.29412,1.29416
2020-10-13 16:54:00,1.29357,1.2936,1.29356,1.29358
2020-10-13 17:59:00,1.29335,1.29343,1.29332,1.29336
2020-10-13 18:59:00,1.29345,1.29345,1.29338,1.29344
2020-10-13 19:59:00,1.29341,1.29342,1.29341,1.29342
2020-10-13 20:59:00,1.2937,1.29377,1.29364,1.2937
2020-10-13 21:59:00,1.29318,1.29326,1.29307,1.29316
2020-10-13 22:59:00,1.29351,1.29359,1.29351,1.29354
2020-10-13 23:59:00,1.29344,1.29347,1.29341,1.29343
2020-10-14 00:59:00,1.29218,1.2922,1.2921,1.29219
2020-10-14 01:59:00,1.29167,1.29176,1.29159,1.29161
2020-10-14 02:59:00,1.28975,1.28983,1.2893,1.2894
2020-10-14 03:59:00,1.28844,1.28872,1.28818,1.28868
2020-10-14 04:59:00,1.29089,1.29089,1.29048,1.29048
2020-10-14 05:59:00,1.29385,1.29398,1.29366,1.29367
2020-10-14 06:59:00,1.29483,1.29506,1.29482,1.29494
2020-10-14 07:59:00,1.29832,1.29848,1.29817,1.29819
2020-10-14 08:59:00,1.30293,1.3031,1.30281,1.30284
2020-10-14 09:59:00,1.30373,1.30392,1.30372,1.30373
2020-10-14 10:59:00,1.30375,1.30411,1.30374,1.30406
2020-10-14 11:59:00,1.30208,1.30215,1.30198,1.3021
2020-10-14 12:59:00,1.30152,1.30164,1.3015,1.30152
2020-10-14 13:59:00,1.30306,1.30309,1.30295,1.30296
2020-10-14 14:59:00,1.30217,1.30248,1.30217,1.30236
2020-10-14 15:59:00,1.30293,1.30296,1.30289,1.30293
2020-10-14 16:59:00,1.30112,1.30117,1.30088,1.30114
2020-10-14 17:59:00,1.30098,1.30138,1.3008,1.30094
2020-10-14 18:59:00,1.30078,1.30078,1.30072,1.30078
2020-10-14 19:59:00,1.30108,1.30113,1.30103,1.30113
2020-10-14 20:59:00,1.3022,1.30226,1.30214,1.30222
2020-10-14 21:59:00,1.30188,1.30192,1.30186,1.30187
2020-10-14 22:59:00,1.30108,1.30118,1.30096,1.30096
2020-10-14 23:59:00,1.3011,1.30115,1.30108,1.30114
2020-10-15 00:59:00,1.302,1.30202,1.3019,1.30201
2020-10-15 01:59:00,1.30178,1.30188,1.30169,1.30185
2020-10-15 02:59:00,1.3001,1.30011,1.29993,1.30001
2020-10-15 03:59:00,1.29993,1.30034,1.29992,1.30034
2020-10-15 04:59:00,1.29472,1.29497,1.2947,1.2947
2020-10-15 05:59:00,1.29695,1.29713,1.29689,1.29711
2020-10-15 06:59:00,1.2954,1.29547,1.295,1.29522
2020-10-15 07:59:00,1.29301,1.29304,1.29267,1.29267
2020-10-15 08:59:00,1.29272,1.29275,1.29241,1.29245
2020-10-15 09:59:00,1.29431,1.29439,1.29415,1.29428
2020-10-15 10:59:00,1.29009,1.29057,1.28988,1.29046
2020-10-15 11:59:00,1.29189,1.2919,1.2915,1.29153
2020-10-15 12:59:00,1.29349,1.29372,1.29206,1.29217
2020-10-15 13:59:00,1.29057,1.29065,1.29016,1.29029
2020-10-15 14:59:00,1.28989,1.29016,1.28989,1.28994
2020-10-15 15:59:00,1.29006,1.29011,1.28997,1.28998
2020-10-15 16:59:00,1.29033,1.29057,1.29022,1.29022
2020-10-15 18:00:00,1.2904,1.2905,1.29025,1.29034
2020-10-15 19:00:00,1.29008,1.29015,1.29001,1.29009
2020-10-15 20:00:00,1.29031,1.29031,1.29011,1.2902
2020-10-15 21:00:00,1.29055,1.29056,1.29037,1.29038
2020-10-15 22:00:00,1.28979,1.2898,1.28958,1.2896
2020-10-15 23:00:00,1.28903,1.28919,1.28903,1.28915
2020-10-16 00:00:00,1.28937,1.2894,1.28935,1.28937
2020-10-16 01:00:00,1.28907,1.28929,1.28907,1.28927
2020-10-16 02:00:00,1.28969,1.28969,1.28914,1.28933
2020-10-16 03:00:00,1.29158,1.29211,1.29099,1.29207
2020-10-16 04:00:00,1.29331,1.29344,1.29289,1.29329
2020-10-16 05:00:00,1.29319,1.2934,1.29299,1.29309
2020-10-16 06:00:00,1.29401,1.29479,1.29387,1.29387
2020-10-16 07:00:00,1.2892,1.2893,1.28714,1.28834
2020-10-16 08:00:00,1.29127,1.29146,1.29114,1.29131
2020-10-16 09:00:00,1.29088,1.29099,1.29006,1.29008
2020-10-16 10:00:00,1.2906,1.29083,1.29021,1.29076
2020-10-16 11:00:00,1.29292,1.29297,1.29272,1.29283
2020-10-16 12:00:00,1.29287,1.29297,1.29284,1.29286
2020-10-16 13:00:00,1.29238,1.29238,1.29217,1.29221
2020-10-16 14:00:00,1.29079,1.29089,1.29061,1.2907
2020-10-16 15:00:00,1.29311,1.29314,1.29287,1.29297
2020-10-16 16:00:00,1.29275,1.29277,1.29255,1.29268
2020-10-18 17:01:00,1.2892,1.28952,1.2892,1.28952
2020-10-18 18:05:00,1.29092,1.29114,1.29084,1.29101
2020-10-18 19:05:00,1.29204,1.29204,1.29201,1.29201
2020-10-18 20:05:00,1.29345,1.29355,1.29327,1.29328
2020-10-18 21:05:00,1.29378,1.29383,1.29367,1.29382
2020-10-18 22:05:00,1.29268,1.2927,1.29259,1.29269
2020-10-18 23:05:00,1.29315,1.29317,1.29295,1.29295
2020-10-19 00:06:00,1.29271,1.29285,1.29271,1.29282
2020-10-19 01:07:00,1.29257,1.29257,1.29252,1.29253
2020-10-19 02:07:00,1.29365,1.29386,1.29362,1.2938
2020-10-19 03:07:00,1.29597,1.29597,1.29555,1.29559
2020-10-19 04:07:00,1.2967,1.29706,1.29632,1.29706
2020-10-19 05:07:00,1.29931,1.29977,1.29927,1.29967
2020-10-19 06:07:00,1.30058,1.30064,1.30051,1.30056
2020-10-19 07:07:00,1.29966,1.29985,1.29959,1.2996
2020-10-19 08:07:00,1.30077,1.30082,1.30045,1.30048
2020-10-19 09:07:00,1.299,1.29907,1.29889,1.29895
2020-10-19 10:07:00,1.29885,1.29906,1.29859,1.29904
2020-10-19 11:07:00,1.29993,1.30003,1.29978,1.29979
2020-10-19 12:07:00,1.29987,1.30023,1.29987,1.30012
2020-10-19 13:07:00,1.29831,1.29843,1.29829,1.29841
2020-10-19 14:07:00,1.29652,1.29659,1.29651,1.29658
2020-10-19 15:07:00,1.29469,1.29491,1.29468,1.29483
2020-10-19 16:07:00,1.29402,1.29409,1.29392,1.29399
2020-10-19 17:07:00,1.29398,1.29398,1.29394,1.29394
2020-10-19 18:08:00,1.29502,1.29502,1.295,1.29502
2020-10-19 19:08:00,1.29463,1.29465,1.29463,1.29465
2020-10-19 20:08:00,1.29493,1.29494,1.29481,1.29481
2020-10-19 21:08:00,1.29486,1.29486,1.2948,1.29483
2020-10-19 22:08:00,1.29379,1.29384,1.29371,1.29371
2020-10-19 23:08:00,1.29442,1.29444,1.29441,1.29441
2020-10-20 00:08:00,1.29492,1.29492,1.29491,1.29491
2020-10-20 01:08:00,1.29441,1.29445,1.29441,1.29442
2020-10-20 02:08:00,1.29392,1.29404,1.29391,1.29404
2020-10-20 03:08:00,1.29344,1.29344,1.29313,1.29313
2020-10-20 04:08:00,1.29446,1.29446,1.29426,1.29427
2020-10-20 05:08:00,1.29715,1.29734,1.29714,1.29733
2020-10-20 06:08:00,1.29706,1.29717,1.29695,1.29714
2020-10-20 07:08:00,1.29552,1.29556,1.29532,1.29553
2020-10-20 08:08:00,1.29305,1.29305,1.29297,1.29299
2020-10-20 09:08:00,1.29266,1.29304,1.29262,1.29302
2020-10-20 10:08:00,1.29687,1.2971,1.29687,1.29693
2020-10-20 11:08:00,1.29566,1.29605,1.29566,1.29605
2020-10-20 12:08:00,1.29517,1.29524,1.29508,1.29514
2020-10-20 13:08:00,1.29383,1.29385,1.29379,1.29382
2020-10-20 14:08:00,1.29399,1.2941,1.29399,1.29408
2020-10-20 15:09:00,1.29384,1.29387,1.29368,1.29371
2020-10-20 16:09:00,1.29407,1.29407,1.29402,1.29402
2020-10-20 17:10:00,1.29401,1.29401,1.29401,1.29401
2020-10-20 18:11:00,1.29518,1.29527,1.29517,1.29518
2020-10-20 19:11:00,1.2952,1.29529,1.29518,1.29529
2020-10-20 20:11:00,1.29567,1.29579,1.29564,1.29579
2020-10-20 21:11:00,1.29629,1.29636,1.29618,1.29636
2020-10-20 22:11:00,1.29688,1.29697,1.29678,1.29697
2020-10-20 23:11:00,1.29726,1.29733,1.29726,1.29733
2020-10-21 00:11:00,1.29767,1.29786,1.29762,1.29781
2020-10-21 01:11:00,1.29762,1.2978,1.29761,1.29777
2020-10-21 02:11:00,1.29787,1.29823,1.29786,1.29823
2020-10-21 03:11:00,1.30039,1.30092,1.30021,1.30087
2020-10-21 04:11:00,1.30517,1.30558,1.30517,1.30542
2020-10-21 05:11:00,1.30406,1.30408,1.30357,1.30379
2020-10-21 06:11:00,1.30512,1.30519,1.30505,1.30509
2020-10-21 07:11:00,1.30509,1.30571,1.30509,1.30545
2020-10-21 08:11:00,1.3056,1.3058,1.30554,1.30563
2020-10-21 09:11:00,1.30926,1.30935,1.30914,1.30922
2020-10-21 10:11:00,1.31265,1.31276,1.31252,1.31262
2020-10-21 11:11:00,1.31468,1.31468,1.31446,1.31458
2020-10-21 12:11:00,1.31638,1.31652,1.31619,1.31627
2020-10-21 13:11:00,1.31602,1.31625,1.316,1.31617
2020-10-21 14:11:00,1.31618,1.31628,1.31616,1.31626
2020-10-21 15:11:00,1.31564,1.31581,1.31562,1.3157
2020-10-21 16:11:00,1.31419,1.31421,1.31406,1.31409
2020-10-21 17:13:00,1.31445,1.3145,1.31435,1.31436
2020-10-21 18:13:00,1.31482,1.31487,1.31472,1.31472
2020-10-21 19:14:00,1.31366,1.31368,1.31366,1.31367
2020-10-21 20:14:00,1.31366,1.31374,1.31332,1.31362
2020-10-21 21:14:00,1.31399,1.31406,1.31388,1.31392
2020-10-21 22:14:00,1.31307,1.31328,1.31303,1.3132
2020-10-21 23:14:00,1.31282,1.31299,1.31282,1.31293
2020-10-22 00:14:00,1.31281,1.31283,1.31278,1.3128
2020-10-22 01:14:00,1.31347,1.31354,1.31342,1.31347
2020-10-22 02:14:00,1.31455,1.3146,1.3145,1.3145
2020-10-22 03:14:00,1.31236,1.31279,1.3123,1.31274
2020-10-22 04:14:00,1.3124,1.31272,1.3124,1.31258
2020-10-22 05:14:00,1.30982,1.3099,1.30918,1.30927
2020-10-22 06:14:00,1.30976,1.31027,1.30973,1.31023
2020-10-22 07:14:00,1.31021,1.31031,1.31016,1.31027
2020-10-22 08:14:00,1.30946,1.30952,1.3093,1.30936
2020-10-22 09:14:00,1.31083,1.31104,1.31075,1.31094
2020-10-22 10:14:00,1.30872,1.3092,1.30872,1.30913
2020-10-22 11:14:00,1.30892,1.30959,1.3089,1.30959
2020-10-22 12:14:00,1.30809,1.30837,1.30809,1.30819
2020-10-22 13:14:00,1.30921,1.30948,1.30921,1.30946
2020-10-22 14:14:00,1.3083,1.30837,1.30829,1.30835
2020-10-22 15:14:00,1.30776,1.30784,1.30769,1.3077
2020-10-22 16:14:00,1.30769,1.3077,1.30756,1.30757
2020-10-22 17:14:00,1.3078,1.3078,1.3078,1.3078
2020-10-22 18:14:00,1.30817,1.30818,1.30814,1.30818
2020-10-22 19:14:00,1.30809,1.30813,1.30809,1.3081
2020-10-22 20:14:00,1.3065,1.30675,1.3065,1.30658
2020-10-22 21:14:00,1.30672,1.30689,1.30668,1.30683
2020-10-22 22:14:00,1.30672,1.30681,1.3067,1.30677
2020-10-22 23:14:00,1.30688,1.30689,1.30687,1.30687
2020-10-23 00:14:00,1.30647,1.30649,1.30644,1.30645
2020-10-23 01:14:00,1.30598,1.306,1.30596,1.30599
2020-10-23 02:14:00,1.30571,1.30572,1.30551,1.30555
2020-10-23 03:14:00,1.30613,1.30619,1.30595,1.30611
2020-10-23 04:14:00,1.31058,1.31073,1.31031,1.31032
2020-10-23 05:14:00,1.30847,1.30851,1.30832,1.30833
2020-10-23 06:14:00,1.30878,1.30892,1.30838,1.30849
2020-10-23 07:14:00,1.30706,1.30734,1.30703,1.30722
2020-10-23 08:14:00,1.30783,1.30794,1.3074,1.3074
2020-10-23 09:14:00,1.30826,1.30828,1.30802,1.30821
2020-10-23 10:14:00,1.30433,1.3045,1.30412,1.30412
2020-10-23 11:14:00,1.30508,1.30528,1.30502,1.30527
2020-10-23 12:14:00,1.30257,1.30273,1.3024,1.30246
2020-10-23 13:14:00,1.30259,1.3026,1.30251,1.30259
2020-10-23 14:14:00,1.3026,1.3027,1.30259,1.3026
2020-10-23 15:14:00,1.30366,1.3037,1.30363,1.30367
2020-10-23 16:14:00,1.30467,1.30477,1.3046,1.30462
2020-10-25 16:15:00,1.30508,1.30508,1.30507,1.30508
2020-10-25 17:20:00,1.3045,1.30451,1.30432,1.30448
2020-10-25 18:20:00,1.30428,1.3043,1.30417,1.30418
2020-10-25 19:20:00,1.30493,1.305,1.30493,1.30495
2020-10-25 19:20:00,1.30493,1.305,1.30493,1.30495
2020-10-25 20:20:00,1.30499,1.30504,1.30497,1.305
2020-10-25 21:20:00,1.30341,1.30348,1.30336,1.30347
2020-10-25 22:20:00,1.30263,1.30276,1.30262,1.30276
2020-10-25 23:20:00,1.30213,1.30215,1.30212,1.30215
2020-10-26 00:20:00,1.30255,1.30258,1.30251,1.30256
2020-10-26 01:20:00,1.3024,1.3024,1.30233,1.30236
2020-10-26 02:20:00,1.30032,1.30035,1.30009,1.30014
2020-10-26 03:20:00,1.30097,1.30104,1.30076,1.30092
2020-10-26 04:20:00,1.30282,1.30282,1.30224,1.30233
2020-10-26 05:20:00,1.30493,1.30531,1.30491,1.30531
2020-10-26 06:20:00,1.30574,1.30584,1.30568,1.30569
2020-10-26 07:20:00,1.3042,1.30421,1.30375,1.30375
2020-10-26 08:20:00,1.30169,1.30186,1.30165,1.30185
2020-10-26 09:20:00,1.30095,1.30138,1.30086,1.30106
2020-10-26 10:20:00,1.30072,1.30074,1.3005,1.30063
2020-10-26 11:20:00,1.3017,1.30176,1.30138,1.30154
2020-10-26 12:20:00,1.30257,1.30263,1.30229,1.30229
2020-10-26 13:20:00,1.30224,1.30227,1.3021,1.30221
2020-10-26 14:20:00,1.30247,1.30263,1.30239,1.30259
2020-10-26 15:20:00,1.30221,1.30221,1.3022,1.3022
2020-10-26 16:20:00,1.30188,1.30191,1.30184,1.30188
2020-10-26 17:20:00,1.30193,1.30203,1.3019,1.3019
2020-10-26 18:20:00,1.30163,1.30164,1.30161,1.30162
2020-10-26 19:20:00,1.30204,1.30219,1.30204,1.30208
2020-10-26 20:20:00,1.30243,1.3029,1.3024,1.30269
2020-10-26 21:20:00,1.30338,1.30347,1.30335,1.30343
2020-10-26 22:20:00,1.30336,1.3034,1.30334,1.30336
2020-10-26 23:20:00,1.30386,1.30387,1.30375,1.30375
2020-10-27 00:20:00,1.30358,1.30368,1.30358,1.30363
2020-10-27 01:20:00,1.30417,1.30422,1.30408,1.30417
2020-10-27 02:20:00,1.30208,1.30231,1.30204,1.30231
2020-10-27 03:20:00,1.30058,1.30069,1.30016,1.30018
2020-10-27 04:20:00,1.30125,1.30142,1.30117,1.30135
2020-10-27 05:20:00,1.30209,1.30212,1.30188,1.30195
2020-10-27 06:20:00,1.30401,1.30418,1.30384,1.30395
2020-10-27 07:20:00,1.30422,1.30437,1.30396,1.30399
2020-10-27 08:20:00,1.30431,1.30442,1.30417,1.3044
2020-10-27 09:20:00,1.30446,1.30455,1.30433,1.30435
2020-10-27 10:20:00,1.30546,1.30558,1.30537,1.30537
2020-10-27 11:20:00,1.30676,1.30703,1.30676,1.30695
2020-10-27 12:20:00,1.30652,1.30654,1.30652,1.30652
2020-10-27 13:20:00,1.30616,1.30617,1.30613,1.30614
2020-10-27 14:20:00,1.30546,1.30551,1.30542,1.30545
2020-10-27 15:20:00,1.30536,1.30536,1.30536,1.30536
2020-10-27 16:20:00,1.30397,1.30398,1.30395,1.30395
2020-10-27 17:20:00,1.30358,1.30375,1.30347,1.30369
2020-10-27 18:20:00,1.30286,1.30287,1.3028,1.30283
2020-10-27 19:20:00,1.30277,1.30278,1.30277,1.30278
2020-10-27 20:20:00,1.30329,1.30339,1.30315,1.30316
2020-10-27 21:20:00,1.30347,1.30356,1.30346,1.30355
2020-10-27 22:20:00,1.30355,1.30357,1.30344,1.30344
2020-10-27 23:20:00,1.30368,1.30368,1.30363,1.30366
2020-10-28 00:20:00,1.30416,1.30419,1.30415,1.30417
2020-10-28 01:20:00,1.30604,1.30628,1.30585,1.30621
2020-10-28 02:20:00,1.30575,1.30578,1.30558,1.30559
2020-10-28 03:20:00,1.30022,1.30035,1.30011,1.30022
2020-10-28 04:20:00,1.29724,1.29732,1.29698,1.29699
2020-10-28 05:20:00,1.29706,1.2971,1.29689,1.29695
2020-10-28 06:20:00,1.29744,1.29761,1.29744,1.2975
2020-10-28 07:20:00,1.29503,1.29505,1.29485,1.29494
2020-10-28 08:20:00,1.29353,1.29359,1.29327,1.29346
2020-10-28 09:20:00,1.29699,1.29729,1.29678,1.2969
2020-10-28 10:20:00,1.30021,1.30053,1.30006,1.30011
2020-10-28 11:20:00,1.29887,1.29893,1.29812,1.29827
2020-10-28 12:20:00,1.29847,1.29847,1.29819,1.29823
2020-10-28 13:20:00,1.29859,1.29872,1.29859,1.29869
2020-10-28 14:20:00,1.29835,1.29838,1.29827,1.29829
2020-10-28 15:20:00,1.29832,1.29843,1.29832,1.29843
2020-10-28 16:20:00,1.29835,1.29835,1.2982,1.2982
2020-10-28 17:21:00,1.29903,1.29905,1.29903,1.29903
2020-10-28 18:21:00,1.29816,1.29818,1.29807,1.29812
2020-10-28 19:21:00,1.29947,1.29949,1.29939,1.29945
2020-10-28 20:21:00,1.29924,1.29926,1.29922,1.29922
2020-10-28 21:21:00,1.29913,1.29913,1.29905,1.29906
2020-10-28 22:21:00,1.29936,1.29938,1.29924,1.29927
2020-10-28 23:21:00,1.30043,1.30053,1.30041,1.30048
2020-10-29 00:21:00,1.30094,1.30098,1.30083,1.30084
2020-10-29 01:21:00,1.302,1.30211,1.30194,1.3021
2020-10-29 02:21:00,1.30117,1.30118,1.30094,1.30095
2020-10-29 03:21:00,1.29824,1.29854,1.2982,1.29853
2020-10-29 04:21:00,1.30055,1.30077,1.30053,1.30062
2020-10-29 05:21:00,1.30011,1.3002,1.29991,1.29997
2020-10-29 06:21:00,1.29732,1.29744,1.297,1.29719
2020-10-29 07:21:00,1.29312,1.29344,1.29311,1.29344
2020-10-29 08:21:00,1.29435,1.29442,1.29418,1.29418
2020-10-29 09:21:00,1.29319,1.29384,1.29319,1.29377
2020-10-29 10:21:00,1.29174,1.29187,1.29153,1.29155
2020-10-29 11:21:00,1.29045,1.29045,1.29012,1.29025
2020-10-29 12:21:00,1.2912,1.29121,1.2911,1.29116
2020-10-29 13:21:00,1.2915,1.2917,1.29144,1.29163
2020-10-29 14:21:00,1.29283,1.29292,1.29272,1.2928
2020-10-29 15:21:00,1.2925,1.29259,1.29249,1.29257
2020-10-29 16:21:00,1.29206,1.29206,1.29094,1.29103
2020-10-29 17:21:00,1.2925,1.29271,1.2925,1.29266
2020-10-29 18:21:00,1.29339,1.29342,1.29339,1.2934
2020-10-29 19:21:00,1.29288,1.29291,1.29285,1.29291
2020-10-29 20:21:00,1.2929,1.2929,1.29278,1.29282
2020-10-29 21:21:00,1.29387,1.29389,1.29378,1.29389
2020-10-29 22:21:00,1.29308,1.29308,1.29289,1.29293
2020-10-29 23:21:00,1.29324,1.29324,1.29318,1.29318
2020-10-30 00:21:00,1.29072,1.29086,1.2907,1.29083
2020-10-30 01:21:00,1.29095,1.29101,1.29089,1.29091
2020-10-30 02:21:00,1.29132,1.29154,1.29132,1.29153
2020-10-30 03:21:00,1.29259,1.29259,1.29234,1.29253
2020-10-30 04:21:00,1.29309,1.29351,1.29308,1.29349
2020-10-30 05:21:00,1.29458,1.29459,1.29419,1.29419
2020-10-30 06:21:00,1.29702,1.29705,1.29656,1.29666
2020-10-30 07:21:00,1.29659,1.29672,1.29651,1.29671
2020-10-30 08:21:00,1.29729,1.29749,1.29725,1.29737
2020-10-30 09:21:00,1.29575,1.29577,1.29546,1.29558
2020-10-30 10:21:00,1.29428,1.29467,1.29428,1.29461
2020-10-30 11:21:00,1.29521,1.2953,1.29477,1.29496
2020-10-30 12:21:00,1.29477,1.29477,1.29446,1.29455
2020-10-30 13:21:00,1.29468,1.29478,1.29465,1.2947
2020-10-30 14:21:00,1.2953,1.29537,1.2952,1.29537
2020-10-30 15:21:00,1.29565,1.29617,1.29563,1.29611
2020-11-01 17:00:00,1.29243,1.29261,1.29193,1.29219
2020-11-01 18:01:00,1.29327,1.29336,1.29302,1.29334
2020-11-01 19:01:00,1.29262,1.29281,1.29259,1.29278
2020-11-01 20:01:00,1.29159,1.29176,1.29159,1.29173
2020-11-01 21:01:00,1.29279,1.29288,1.29278,1.29279
2020-11-01 22:01:00,1.29345,1.29353,1.29335,1.29352
2020-11-01 23:01:00,1.29247,1.29254,1.29228,1.29236
2020-11-02 00:01:00,1.29039,1.29051,1.29039,1.29048
2020-11-02 01:01:00,1.29042,1.29056,1.2904,1.29055
2020-11-02 02:01:00,1.29002,1.29058,1.28997,1.29039
2020-11-02 03:01:00,1.29093,1.29096,1.29045,1.29061
2020-11-02 04:01:00,1.2857,1.28582,1.28558,1.28577
2020-11-02 05:01:00,1.29113,1.29136,1.2909,1.29092
2020-11-02 06:01:00,1.29205,1.29205,1.29176,1.29187
2020-11-02 07:01:00,1.2915,1.2915,1.29107,1.29149
2020-11-02 08:01:00,1.29248,1.29261,1.2924,1.29243
2020-11-02 09:01:00,1.2933,1.29346,1.29288,1.29298
2020-11-02 10:01:00,1.29148,1.29169,1.29136,1.29141
2020-11-02 11:01:00,1.29081,1.29081,1.29047,1.29049
2020-11-02 12:01:00,1.29025,1.29029,1.28986,1.29
2020-11-02 13:01:00,1.29025,1.29028,1.29015,1.29017
2020-11-02 14:01:00,1.28956,1.28962,1.28955,1.28959
2020-11-02 15:01:00,1.29038,1.2906,1.29034,1.2906
2020-11-02 16:01:00,1.29156,1.29159,1.29149,1.29159
2020-11-02 17:01:00,1.2915,1.29151,1.29073,1.29128
2020-11-02 18:01:00,1.29145,1.29148,1.29137,1.29138
2020-11-02 19:02:00,1.29211,1.29211,1.29193,1.29193
2020-11-02 20:02:00,1.29242,1.29242,1.29237,1.29237
2020-11-02 21:02:00,1.29294,1.29295,1.29287,1.29291
2020-11-02 22:02:00,1.29314,1.29314,1.2931,1.29312
2020-11-02 23:03:00,1.29225,1.29232,1.29224,1.29232
2020-11-03 00:03:00,1.29155,1.29164,1.29153,1.29163
2020-11-03 01:03:00,1.29256,1.29256,1.29245,1.29246
2020-11-03 02:03:00,1.29327,1.29331,1.29304,1.29322
2020-11-03 03:03:00,1.29414,1.29434,1.29399,1.29426
2020-11-03 04:03:00,1.29725,1.29753,1.29722,1.2974
2020-11-03 05:03:00,1.29879,1.2989,1.29875,1.29876
2020-11-03 06:03:00,1.29934,1.29965,1.29915,1.29963
2020-11-03 07:03:00,1.29873,1.29879,1.29848,1.29868
2020-11-03 08:03:00,1.29945,1.29945,1.29913,1.29922
2020-11-03 09:03:00,1.30053,1.30064,1.30049,1.30059
2020-11-03 10:03:00,1.30324,1.30366,1.30323,1.30358
2020-11-03 11:03:00,1.30634,1.30647,1.30631,1.30644
2020-11-03 12:03:00,1.30503,1.30503,1.30464,1.30471
2020-11-03 13:03:00,1.30426,1.30452,1.30423,1.3045
2020-11-03 14:03:00,1.30294,1.30297,1.30286,1.30293
2020-11-03 15:03:00,1.30246,1.30246,1.30223,1.30234
2020-11-03 16:03:00,1.30265,1.30269,1.30252,1.30268
2020-11-03 17:03:00,1.3055,1.30559,1.3055,1.30559
2020-11-03 18:03:00,1.30759,1.30837,1.30759,1.30824
2020-11-03 19:03:00,1.31078,1.31149,1.31016,1.31128
2020-11-03 20:03:00,1.30331,1.30426,1.30318,1.30411
2020-11-03 21:03:00,1.30364,1.30402,1.30361,1.30373
2020-11-03 22:03:00,1.29828,1.29911,1.29793,1.2986
2020-11-03 23:03:00,1.2996,1.29978,1.29952,1.29969
2020-11-04 00:03:00,1.29849,1.29884,1.2984,1.29881
2020-11-04 01:03:00,1.2985,1.29852,1.29799,1.29818
2020-11-04 02:03:00,1.2987,1.29872,1.29806,1.29808
2020-11-04 03:03:00,1.29465,1.29501,1.29444,1.29449
2020-11-04 04:03:00,1.29319,1.29334,1.29276,1.29279
2020-11-04 05:03:00,1.29739,1.29792,1.2973,1.29791
2020-11-04 06:03:00,1.30033,1.30033,1.29927,1.29927
2020-11-04 07:03:00,1.30218,1.30225,1.30178,1.30184
2020-11-04 08:03:00,1.30402,1.30416,1.30391,1.30396
2020-11-04 09:03:00,1.29813,1.29831,1.29812,1.29826
2020-11-04 10:03:00,1.29951,1.3001,1.29946,1.29999
2020-11-04 11:03:00,1.29953,1.29954,1.29906,1.29919
2020-11-04 12:03:00,1.30021,1.30052,1.30006,1.30043
2020-11-04 13:03:00,1.29913,1.29944,1.2991,1.29932
2020-11-04 14:03:00,1.29944,1.2995,1.29917,1.29929
2020-11-04 15:03:00,1.30009,1.3001,1.2998,1.29981
2020-11-04 16:03:00,1.29874,1.29883,1.29871,1.29879
2020-11-04 17:03:00,1.29852,1.29853,1.2985,1.29853
2020-11-04 18:03:00,1.29478,1.29478,1.2946,1.2946
2020-11-04 19:03:00,1.29644,1.29646,1.29629,1.29631
2020-11-04 20:03:00,1.29586,1.29586,1.29563,1.29574
2020-11-04 21:03:00,1.29559,1.29588,1.29555,1.29573
2020-11-04 22:03:00,1.29705,1.29705,1.2968,1.29682
2020-11-04 23:03:00,1.29582,1.2959,1.29579,1.29581
2020-11-05 00:03:00,1.29577,1.29577,1.29548,1.29549
2020-11-05 01:03:00,1.29642,1.29654,1.29619,1.29648
2020-11-05 02:03:00,1.29755,1.29941,1.29722,1.29889
2020-11-05 03:03:00,1.30088,1.30146,1.30066,1.30099
2020-11-05 04:03:00,1.30112,1.30145,1.30099,1.30118
2020-11-05 05:03:00,1.30383,1.30392,1.30371,1.30389
2020-11-05 06:03:00,1.30665,1.30678,1.30635,1.30639
2020-11-05 07:03:00,1.30614,1.30639,1.30602,1.30624
2020-11-05 08:03:00,1.30816,1.3087,1.30814,1.30859
2020-11-05 09:03:00,1.30933,1.30949,1.30913,1.30927
2020-11-05 10:03:00,1.30891,1.30891,1.30862,1.30862
2020-11-05 11:03:00,1.31068,1.31075,1.3104,1.31044
2020-11-05 12:03:00,1.31132,1.31136,1.31103,1.31103
2020-11-05 13:03:00,1.31042,1.31093,1.31037,1.31083
2020-11-05 14:03:00,1.31109,1.31157,1.31109,1.31156
2020-11-05 15:03:00,1.31475,1.31487,1.31454,1.31467
2020-11-05 16:03:00,1.31479,1.31483,1.31477,1.3148
2020-11-05 17:03:00,1.31453,1.31459,1.31446,1.31459
2020-11-05 18:04:00,1.31436,1.31438,1.31395,1.31395
2020-11-05 19:04:00,1.31452,1.31472,1.3144,1.31451
2020-11-05 20:04:00,1.31158,1.31182,1.31154,1.31165
2020-11-05 21:04:00,1.3121,1.3121,1.31182,1.31185
2020-11-05 22:04:00,1.31339,1.3134,1.31309,1.31319
2020-11-05 23:04:00,1.31257,1.31265,1.31256,1.31263
2020-11-06 00:04:00,1.31295,1.31297,1.31286,1.31292
2020-11-06 01:04:00,1.31236,1.31236,1.31224,1.31228
2020-11-06 02:04:00,1.31291,1.31291,1.31261,1.31271
2020-11-06 03:04:00,1.31468,1.31524,1.31465,1.31494
2020-11-06 04:04:00,1.3127,1.3127,1.31223,1.31229
2020-11-06 05:04:00,1.31377,1.31378,1.31323,1.31327
2020-11-06 06:04:00,1.31487,1.31517,1.31467,1.31514
2020-11-06 07:04:00,1.3138,1.31402,1.31367,1.31396
2020-11-06 08:04:00,1.31172,1.31215,1.31165,1.31203
2020-11-06 09:04:00,1.31452,1.31463,1.3143,1.31443
2020-11-06 10:04:00,1.31137,1.31163,1.31118,1.31145
2020-11-06 11:04:00,1.31534,1.31617,1.31534,1.31582
2020-11-06 12:04:00,1.31675,1.3169,1.31669,1.31688
2020-11-06 13:04:00,1.31542,1.31546,1.31539,1.3154
2020-11-06 14:04:00,1.31523,1.31527,1.31501,1.31509
2020-11-06 15:04:00,1.31544,1.31548,1.31541,1.31544
2020-11-06 16:04:00,1.31542,1.31544,1.3154,1.31543
2020-11-08 17:04:00,1.31586,1.31586,1.31574,1.31574
2020-11-08 18:04:00,1.31606,1.3162,1.316,1.31606
2020-11-08 19:04:00,1.31736,1.31762,1.31736,1.31749
2020-11-08 20:04:00,1.31794,1.31799,1.31781,1.31794
2020-11-08 21:04:00,1.31803,1.31817,1.31803,1.31813
2020-11-08 22:04:00,1.31802,1.3181,1.31798,1.31802
2020-11-08 23:04:00,1.31841,1.31844,1.31832,1.31837
2020-11-09 00:04:00,1.31792,1.31797,1.31784,1.31788
2020-11-09 01:04:00,1.31793,1.31797,1.31781,1.3179
2020-11-09 02:04:00,1.31872,1.319,1.31867,1.31895
2020-11-09 03:04:00,1.31781,1.3182,1.31749,1.31755
2020-11-09 04:04:00,1.31488,1.31509,1.31478,1.31481
2020-11-09 05:04:00,1.31294,1.31315,1.31293,1.31311
2020-11-09 06:04:00,1.31492,1.31545,1.31492,1.31536
2020-11-09 07:04:00,1.31382,1.31476,1.31381,1.31451
2020-11-09 08:04:00,1.31768,1.31777,1.31727,1.3175
2020-11-09 09:04:00,1.3192,1.31922,1.31895,1.31915
2020-11-09 10:04:00,1.31713,1.31766,1.31711,1.31721
2020-11-09 11:04:00,1.31386,1.31393,1.31312,1.31331
2020-11-09 12:04:00,1.31338,1.31345,1.31312,1.31343
2020-11-09 13:04:00,1.31403,1.31403,1.31377,1.31387
2020-11-09 14:04:00,1.31433,1.31452,1.31424,1.31451
2020-11-09 15:04:00,1.31708,1.3175,1.31708,1.31747
2020-11-09 16:04:00,1.31529,1.31545,1.31525,1.31545
2020-11-09 17:04:00,1.31653,1.31653,1.31653,1.31653
2020-11-09 18:04:00,1.31564,1.31568,1.31556,1.31563
2020-11-09 19:04:00,1.31767,1.31784,1.31765,1.31768
2020-11-09 20:04:00,1.31711,1.31713,1.31695,1.31696
2020-11-09 21:04:00,1.31926,1.31962,1.31918,1.31956
2020-11-09 22:04:00,1.31821,1.31841,1.31818,1.31834
2020-11-09 23:04:00,1.3184,1.31856,1.31838,1.31847
2020-11-10 00:04:00,1.31851,1.31865,1.3185,1.31864
2020-11-10 01:04:00,1.31824,1.31831,1.31809,1.31809
2020-11-10 02:04:00,1.31932,1.31962,1.31917,1.31949
2020-11-10 03:04:00,1.31871,1.31911,1.31861,1.31909
2020-11-10 04:04:00,1.321,1.32131,1.32084,1.3211
2020-11-10 05:04:00,1.32451,1.32474,1.32439,1.32468
2020-11-10 06:04:00,1.3243,1.32458,1.32422,1.32437
2020-11-10 07:04:00,1.32612,1.32667,1.32611,1.32652
2020-11-10 08:04:00,1.32543,1.32544,1.32483,1.32483
2020-11-10 09:04:00,1.32409,1.32418,1.32371,1.32371
2020-11-10 10:04:00,1.32628,1.32683,1.32623,1.32678
2020-11-10 11:04:00,1.32365,1.32383,1.32331,1.32346
2020-11-10 12:04:00,1.32353,1.32382,1.32352,1.32375
2020-11-10 13:04:00,1.32406,1.32437,1.32405,1.32433
2020-11-10 14:04:00,1.32474,1.32486,1.32473,1.32481
2020-11-10 15:04:00,1.32523,1.32532,1.32493,1.32502
2020-11-10 16:04:00,1.32489,1.32499,1.32488,1.32496
2020-11-10 17:04:00,1.32654,1.32662,1.32652,1.32659
2020-11-10 18:04:00,1.32703,1.32707,1.32696,1.32701
2020-11-10 19:04:00,1.32609,1.32613,1.32595,1.32606
2020-11-10 20:04:00,1.32559,1.32589,1.32556,1.32588
2020-11-10 21:04:00,1.32646,1.32655,1.32641,1.32647
2020-11-10 22:04:00,1.32708,1.32728,1.32708,1.32715
2020-11-10 23:04:00,1.32677,1.32694,1.32675,1.32694
2020-11-11 00:04:00,1.32644,1.32645,1.32631,1.32635
2020-11-11 01:04:00,1.3262,1.3262,1.3261,1.3261
2020-11-11 02:04:00,1.32734,1.32735,1.32715,1.32716
2020-11-11 03:04:00,1.32833,1.32865,1.32823,1.32856
2020-11-11 04:04:00,1.3282,1.32847,1.32814,1.3283
2020-11-11 05:04:00,1.32602,1.32654,1.32597,1.32627
2020-11-11 06:04:00,1.32637,1.32681,1.32636,1.32659
2020-11-11 07:04:00,1.32625,1.32653,1.32623,1.32645
2020-11-11 08:04:00,1.32258,1.32279,1.32243,1.32263
2020-11-11 09:04:00,1.32483,1.3253,1.32461,1.32481
2020-11-11 10:04:00,1.32083,1.32095,1.3206,1.32092
2020-11-11 11:04:00,1.31999,1.32014,1.31962,1.31977
2020-11-11 12:04:00,1.32022,1.3203,1.32011,1.32016
2020-11-11 13:04:00,1.3204,1.32078,1.3204,1.32073
2020-11-11 14:04:00,1.32157,1.32179,1.32152,1.32152
2020-11-11 15:04:00,1.32097,1.32111,1.32093,1.32104
2020-11-11 16:04:00,1.32175,1.32175,1.32162,1.32162
2020-11-11 17:04:00,1.32173,1.32204,1.32172,1.32204
2020-11-11 18:04:00,1.3225,1.3225,1.32238,1.32242
2020-11-11 19:04:00,1.32187,1.32206,1.32179,1.32202
2020-11-11 20:05:00,1.32214,1.3223,1.32205,1.32226
2020-11-11 21:05:00,1.32198,1.32203,1.32189,1.32189
2020-11-11 22:05:00,1.32161,1.32166,1.32145,1.32145
2020-11-11 23:05:00,1.3214,1.32147,1.32136,1.32144
2020-11-12 00:05:00,1.32037,1.32055,1.32037,1.32055
2020-11-12 01:05:00,1.32046,1.3205,1.32044,1.32044
2020-11-12 02:05:00,1.31872,1.31873,1.31848,1.31848
2020-11-12 03:05:00,1.31801,1.31847,1.31795,1.31823
2020-11-12 04:05:00,1.3186,1.31866,1.31837,1.31864
2020-11-12 05:05:00,1.31894,1.31907,1.31879,1.3188
2020-11-12 06:05:00,1.31897,1.31916,1.31895,1.31915
2020-11-12 07:05:00,1.31588,1.316,1.31556,1.31569
2020-11-12 08:05:00,1.31408,1.31426,1.31395,1.31418
2020-11-12 09:05:00,1.31823,1.31824,1.31766,1.3177
2020-11-12 10:05:00,1.31566,1.31606,1.31564,1.31587
2020-11-12 11:05:00,1.31407,1.31416,1.31385,1.31386
2020-11-12 12:05:00,1.31428,1.31428,1.31402,1.31405
2020-11-12 13:05:00,1.31112,1.31115,1.31097,1.31097
2020-11-12 14:05:00,1.31198,1.31203,1.31191,1.31192
2020-11-12 15:05:00,1.31104,1.3111,1.31081,1.3111
2020-11-12 16:05:00,1.31193,1.31193,1.31186,1.3119
2020-11-12 17:05:00,1.31181,1.31191,1.31116,1.31179
2020-11-12 18:05:00,1.31195,1.31207,1.31191,1.31194
2020-11-12 19:05:00,1.3123,1.31232,1.31209,1.31211
2020-11-12 20:05:00,1.31202,1.31203,1.31188,1.3119
2020-11-12 21:05:00,1.31124,1.31133,1.31112,1.31129
2020-11-12 22:05:00,1.31126,1.31129,1.31119,1.31125
2020-11-12 23:05:00,1.31133,1.3114,1.31132,1.31137
2020-11-13 00:05:00,1.31235,1.31235,1.31215,1.31217
2020-11-13 01:05:00,1.31252,1.31257,1.31244,1.31253
2020-11-13 02:05:00,1.31452,1.31455,1.31437,1.3145
2020-11-13 03:05:00,1.31613,1.3162,1.31583,1.31605
2020-11-13 04:05:00,1.31435,1.31457,1.31432,1.31441
2020-11-13 05:05:00,1.31769,1.31795,1.31761,1.31774
2020-11-13 06:05:00,1.31748,1.31753,1.31718,1.31722
2020-11-13 07:05:00,1.3162,1.31622,1.31597,1.31607
2020-11-13 08:05:00,1.31629,1.31682,1.31627,1.31674
2020-11-13 09:05:00,1.31631,1.31636,1.31601,1.31626
2020-11-13 10:05:00,1.31622,1.31628,1.31545,1.31546
2020-11-13 11:05:00,1.31656,1.31688,1.31656,1.31668
2020-11-13 12:05:00,1.3173,1.31759,1.3173,1.31758
2020-11-13 13:05:00,1.31845,1.31853,1.31844,1.31848
2020-11-13 14:05:00,1.31822,1.31835,1.31822,1.31828
2020-11-13 15:05:00,1.31758,1.31758,1.31735,1.31745
2020-11-13 16:05:00,1.31953,1.31955,1.31952,1.31953
2020-11-15 17:06:00,1.31757,1.31768,1.31741,1.31768
2020-11-15 18:07:00,1.31969,1.31969,1.31963,1.31964
2020-11-15 19:07:00,1.32097,1.32113,1.32094,1.3211
2020-11-15 20:07:00,1.32122,1.32125,1.3211,1.32119
2020-11-15 21:07:00,1.32203,1.32213,1.32198,1.32206
2020-11-15 22:07:00,1.32301,1.32302,1.32296,1.32298
2020-11-15 23:07:00,1.32278,1.32278,1.32271,1.32274
2020-11-16 00:07:00,1.3225,1.32264,1.3225,1.32262
2020-11-16 01:07:00,1.32204,1.32221,1.32201,1.32216
2020-11-16 02:07:00,1.32089,1.32103,1.32089,1.32103
2020-11-16 03:07:00,1.32356,1.3242,1.32354,1.32391
2020-11-16 04:07:00,1.32069,1.32072,1.32004,1.32011
2020-11-16 05:07:00,1.31718,1.3174,1.31714,1.31725
2020-11-16 06:07:00,1.31849,1.31864,1.31816,1.31838
2020-11-16 07:07:00,1.31939,1.31992,1.31936,1.31991
2020-11-16 08:07:00,1.3172,1.31727,1.31688,1.3169
2020-11-16 09:07:00,1.31905,1.31905,1.31878,1.31882
2020-11-16 10:07:00,1.31901,1.31916,1.31875,1.31875
2020-11-16 11:07:00,1.319,1.31918,1.31886,1.31897
2020-11-16 12:07:00,1.31956,1.31962,1.3195,1.31956
2020-11-16 13:07:00,1.31967,1.31967,1.31948,1.31949
2020-11-16 14:07:00,1.31877,1.31908,1.31877,1.31908
2020-11-16 15:07:00,1.3187,1.31881,1.31868,1.31881
2020-11-16 16:07:00,1.31975,1.31975,1.31972,1.31973
2020-11-16 17:07:00,1.31922,1.31922,1.31922,1.31922
2020-11-16 18:07:00,1.32049,1.32068,1.32027,1.32058
2020-11-16 19:07:00,1.32169,1.32176,1.32164,1.32176
2020-11-16 20:07:00,1.32188,1.32197,1.32186,1.32197
2020-11-16 21:07:00,1.32097,1.32105,1.32084,1.32085
2020-11-16 22:07:00,1.32205,1.32225,1.32205,1.32225
2020-11-16 23:07:00,1.32214,1.32218,1.32212,1.32217
2020-11-17 00:07:00,1.32187,1.32188,1.3218,1.32186
2020-11-17 01:07:00,1.32146,1.32148,1.32139,1.3214
2020-11-17 02:07:00,1.32255,1.32255,1.32218,1.32218
2020-11-17 03:07:00,1.32048,1.32048,1.32021,1.32029
2020-11-17 04:07:00,1.3217,1.32201,1.3217,1.32182
2020-11-17 05:07:00,1.32277,1.32278,1.32266,1.32278
2020-11-17 06:07:00,1.32485,1.32517,1.32484,1.32514
2020-11-17 07:07:00,1.32629,1.32648,1.32615,1.32615
2020-11-17 08:07:00,1.32609,1.32611,1.32596,1.3261
2020-11-17 09:07:00,1.3264,1.32646,1.32599,1.32603
2020-11-17 10:07:00,1.32512,1.32533,1.32508,1.32508
2020-11-17 11:07:00,1.32569,1.32569,1.32546,1.32548
2020-11-17 12:07:00,1.32487,1.32488,1.3248,1.32481
2020-11-17 13:07:00,1.32444,1.32459,1.32443,1.32458
2020-11-17 14:07:00,1.3249,1.32491,1.3248,1.32481
2020-11-17 15:07:00,1.3258,1.3259,1.3258,1.3259
2020-11-17 16:07:00,1.32533,1.32542,1.32533,1.32542
2020-11-17 17:07:00,1.32458,1.32488,1.32458,1.32486
2020-11-17 18:07:00,1.32588,1.32588,1.3258,1.32583
2020-11-17 19:07:00,1.32576,1.3258,1.32574,1.32579
2020-11-17 20:07:00,1.32472,1.32477,1.32464,1.32464
2020-11-17 21:07:00,1.32506,1.3251,1.325,1.325
2020-11-17 22:07:00,1.32479,1.32486,1.32474,1.32477
2020-11-17 23:07:00,1.32528,1.32531,1.32522,1.32529
2020-11-18 00:07:00,1.32591,1.32603,1.32591,1.326
2020-11-18 01:07:00,1.32638,1.32654,1.32637,1.32647
2020-11-18 02:07:00,1.32685,1.32704,1.32685,1.32696
2020-11-18 03:07:00,1.32769,1.32779,1.32744,1.32779
2020-11-18 04:07:00,1.32879,1.32893,1.3287,1.3289
2020-11-18 05:07:00,1.32865,1.32873,1.3286,1.32862
2020-11-18 06:07:00,1.32879,1.32894,1.32879,1.32889
2020-11-18 07:07:00,1.32713,1.32713,1.32677,1.32693
2020-11-18 08:07:00,1.32761,1.32767,1.32748,1.32761
2020-11-18 09:07:00,1.32726,1.32737,1.32701,1.32702
2020-11-18 10:07:00,1.32974,1.33002,1.3297,1.32986
2020-11-18 11:07:00,1.3299,1.33,1.32981,1.3299
2020-11-18 12:07:00,1.32945,1.32957,1.3294,1.32947
2020-11-18 13:07:00,1.32887,1.3289,1.32881,1.32887
2020-11-18 14:07:00,1.32857,1.32868,1.32857,1.32863
2020-11-18 15:07:00,1.32786,1.32796,1.32785,1.32795
2020-11-18 16:07:00,1.32665,1.3267,1.32664,1.3267
2020-11-18 17:07:00,1.32687,1.32692,1.32687,1.32688
2020-11-18 18:07:00,1.32674,1.32676,1.32673,1.32674
2020-11-18 19:07:00,1.32474,1.32485,1.32443,1.32451
2020-11-18 20:07:00,1.32338,1.3234,1.32329,1.32334
2020-11-18 21:07:00,1.32395,1.324,1.32384,1.32384
2020-11-18 22:07:00,1.32372,1.32377,1.32366,1.32375
2020-11-18 23:07:00,1.32266,1.32271,1.32265,1.32266
2020-11-19 00:07:00,1.32315,1.3232,1.32314,1.32315
2020-11-19 01:07:00,1.32355,1.32355,1.32345,1.32353
2020-11-19 02:07:00,1.32332,1.32335,1.32327,1.32334
2020-11-19 03:07:00,1.32202,1.32216,1.32178,1.32215
2020-11-19 04:07:00,1.32136,1.32162,1.32133,1.32161
2020-11-19 05:07:00,1.32121,1.32141,1.32121,1.32126
2020-11-19 06:07:00,1.32438,1.32439,1.32398,1.32406
2020-11-19 07:07:00,1.32493,1.32527,1.32492,1.32518
2020-11-19 08:07:00,1.32348,1.32355,1.32344,1.32345
2020-11-19 09:07:00,1.32235,1.32235,1.32185,1.32199
2020-11-19 10:07:00,1.32291,1.32296,1.32253,1.32262
2020-11-19 11:07:00,1.32278,1.32288,1.32278,1.3228
2020-11-19 12:07:00,1.32219,1.32239,1.32214,1.32234
2020-11-19 13:07:00,1.32379,1.32382,1.32376,1.32378
2020-11-19 14:07:00,1.32485,1.32504,1.32485,1.32497
2020-11-19 15:07:00,1.32477,1.32485,1.32476,1.3248
2020-11-19 16:07:00,1.32728,1.32728,1.32713,1.32718
2020-11-19 17:07:00,1.3262,1.3262,1.326,1.32601
2020-11-19 18:08:00,1.32472,1.32509,1.32469,1.32508
2020-11-19 19:08:00,1.32511,1.32519,1.32508,1.32509
2020-11-19 20:08:00,1.32584,1.32588,1.32581,1.32581
2020-11-19 21:08:00,1.32575,1.32575,1.32563,1.32568
2020-11-19 22:08:00,1.32588,1.32591,1.3258,1.32591
2020-11-19 23:08:00,1.32618,1.32631,1.32618,1.32624
2020-11-20 00:08:00,1.32753,1.32756,1.32749,1.32754
2020-11-20 01:08:00,1.32785,1.32786,1.32776,1.32777
2020-11-20 02:08:00,1.32756,1.32795,1.32756,1.32788
2020-11-20 03:08:00,1.32518,1.32525,1.32503,1.32512
2020-11-20 04:08:00,1.32636,1.32636,1.32602,1.3261
2020-11-20 05:08:00,1.32821,1.32823,1.32792,1.32793
2020-11-20 06:08:00,1.32636,1.32649,1.32618,1.32649
2020-11-20 07:08:00,1.32785,1.32796,1.32776,1.32779
2020-11-20 08:08:00,1.32749,1.32757,1.32744,1.32754
2020-11-20 09:08:00,1.32762,1.32768,1.32752,1.32757
2020-11-20 10:08:00,1.32842,1.32849,1.32839,1.32848
2020-11-20 11:08:00,1.32804,1.32823,1.32793,1.32822
2020-11-20 12:08:00,1.32914,1.32915,1.32858,1.32862
2020-11-20 13:08:00,1.3276,1.32773,1.32755,1.32772
2020-11-20 14:08:00,1.32815,1.32823,1.32814,1.32822
2020-11-20 15:08:00,1.32866,1.32875,1.32866,1.32869
2020-11-20 16:08:00,1.32907,1.32908,1.32898,1.329
2020-11-22 17:08:00,1.32892,1.32892,1.32891,1.32891
2020-11-22 18:08:00,1.32998,1.33,1.32988,1.32988
2020-11-22 19:08:00,1.33024,1.33026,1.33021,1.33026
2020-11-22 20:08:00,1.33101,1.33102,1.33092,1.33094
2020-11-22 21:08:00,1.33238,1.33238,1.33237,1.33238
2020-11-22 22:08:00,1.33201,1.33209,1.332,1.332
2020-11-22 23:08:00,1.33147,1.33153,1.33146,1.3315
2020-11-23 00:09:00,1.33155,1.3316,1.33155,1.33155
2020-11-23 01:09:00,1.33262,1.33262,1.33254,1.33254
2020-11-23 02:09:00,1.33142,1.33156,1.33133,1.33154
2020-11-23 03:09:00,1.33413,1.33436,1.33413,1.33425
2020-11-23 04:09:00,1.33764,1.33781,1.33752,1.33756
2020-11-23 05:09:00,1.33734,1.33747,1.33728,1.3373
2020-11-23 06:09:00,1.33622,1.3363,1.33612,1.33626
2020-11-23 07:09:00,1.33693,1.33699,1.33675,1.33675
2020-11-23 08:09:00,1.33929,1.33944,1.33921,1.33935
2020-11-23 09:09:00,1.33908,1.33913,1.33906,1.33911
2020-11-23 10:09:00,1.33484,1.33484,1.33437,1.33466
2020-11-23 11:09:00,1.32723,1.3274,1.3269,1.32728
2020-11-23 12:09:00,1.32946,1.33013,1.32946,1.33008
2020-11-23 13:09:00,1.33146,1.33162,1.33144,1.3315
2020-11-23 14:09:00,1.33125,1.33127,1.33117,1.33126
2020-11-23 15:09:00,1.33286,1.33298,1.33281,1.33283
2020-11-23 16:09:00,1.33216,1.33219,1.33214,1.33217
2020-11-23 17:10:00,1.33218,1.33222,1.33218,1.33222
2020-11-23 18:12:00,1.33239,1.3324,1.33238,1.33239
2020-11-23 19:13:00,1.33217,1.33217,1.33212,1.33212
2020-11-23 20:13:00,1.33352,1.33363,1.33322,1.33325
2020-11-23 21:13:00,1.33297,1.33321,1.33296,1.33318
2020-11-23 22:13:00,1.33255,1.33258,1.33247,1.33258
2020-11-23 23:13:00,1.3328,1.33291,1.33277,1.33291
2020-11-24 00:14:00,1.3333,1.3333,1.33321,1.33322
2020-11-24 01:14:00,1.33418,1.33426,1.33416,1.33424
2020-11-24 02:14:00,1.33382,1.33384,1.33374,1.33374
2020-11-24 03:14:00,1.33685,1.33685,1.33674,1.33675
2020-11-24 04:14:00,1.33774,1.33797,1.33773,1.33787
2020-11-24 05:14:00,1.33614,1.33637,1.33613,1.33634
2020-11-24 06:14:00,1.33593,1.33597,1.33574,1.33582
2020-11-24 07:14:00,1.33425,1.33425,1.33395,1.33398
2020-11-24 08:14:00,1.33294,1.33299,1.33285,1.33294
2020-11-24 09:14:00,1.33029,1.33055,1.33027,1.33055
2020-11-24 10:14:00,1.33193,1.33206,1.33182,1.33192
2020-11-24 11:14:00,1.33524,1.33541,1.33501,1.33503
2020-11-24 12:14:00,1.33418,1.33418,1.3337,1.33373
2020-11-24 13:14:00,1.33414,1.33436,1.3341,1.33433
2020-11-24 14:14:00,1.33591,1.33596,1.3359,1.33595
2020-11-24 15:14:00,1.33564,1.33564,1.33522,1.33542
2020-11-24 16:14:00,1.33613,1.33615,1.33612,1.33612
2020-11-24 17:14:00,1.33591,1.33593,1.33586,1.33591
2020-11-24 18:16:00,1.33569,1.3357,1.33563,1.33569
2020-11-24 19:16:00,1.3364,1.33655,1.33627,1.3365
2020-11-24 20:16:00,1.33611,1.3363,1.33611,1.33624
2020-11-24 21:16:00,1.33573,1.33578,1.33567,1.33578
2020-11-24 22:16:00,1.33582,1.33583,1.3358,1.33581
2020-11-24 23:16:00,1.33572,1.33577,1.33564,1.33564
2020-11-25 00:16:00,1.33535,1.33548,1.33532,1.33537
2020-11-25 01:16:00,1.33453,1.33454,1.33447,1.33447
2020-11-25 02:16:00,1.33583,1.33591,1.33581,1.33586
2020-11-25 03:16:00,1.33784,1.33829,1.3378,1.33805
2020-11-25 04:16:00,1.33456,1.33493,1.33455,1.33491
2020-11-25 05:16:00,1.33334,1.3335,1.33297,1.33297
2020-11-25 06:16:00,1.3316,1.33182,1.3315,1.33154
2020-11-25 07:16:00,1.33278,1.33305,1.33278,1.33298
2020-11-25 08:16:00,1.33373,1.33384,1.33361,1.33381
2020-11-25 09:16:00,1.33422,1.33422,1.33409,1.33414
2020-11-25 10:16:00,1.33527,1.33555,1.33524,1.33541
2020-11-25 11:16:00,1.33852,1.33859,1.33835,1.33835
2020-11-25 12:16:00,1.3376,1.33769,1.33757,1.33765
2020-11-25 13:16:00,1.33818,1.33827,1.33813,1.33827
2020-11-25 14:16:00,1.33776,1.33792,1.33776,1.33789
2020-11-25 15:16:00,1.33892,1.33892,1.33877,1.33879
2020-11-25 16:16:00,1.3384,1.33844,1.33835,1.33835
2020-11-25 17:16:00,1.338,1.33835,1.33798,1.33834
2020-11-25 18:16:00,1.33835,1.33836,1.33826,1.33829
2020-11-25 19:17:00,1.33888,1.33891,1.33882,1.33891
2020-11-25 20:17:00,1.33899,1.33902,1.33893,1.33899
2020-11-25 21:18:00,1.33867,1.33872,1.33855,1.33855
2020-11-25 22:18:00,1.33919,1.33924,1.33916,1.33917
2020-11-25 23:18:00,1.33865,1.33865,1.33859,1.33862
2020-11-26 00:19:00,1.33871,1.33873,1.33869,1.33869
2020-11-26 01:19:00,1.33937,1.33946,1.33937,1.33945
2020-11-26 02:19:00,1.33832,1.33836,1.33826,1.33836
2020-11-26 03:19:00,1.33683,1.33692,1.33679,1.33689
2020-11-26 04:19:00,1.33694,1.33709,1.33694,1.33702
2020-11-26 05:19:00,1.33622,1.33625,1.33615,1.33625
2020-11-26 06:19:00,1.33562,1.33579,1.33562,1.33579
2020-11-26 07:19:00,1.33458,1.33462,1.33449,1.33459
2020-11-26 08:19:00,1.33522,1.33522,1.33516,1.33519
2020-11-26 09:19:00,1.33361,1.33369,1.33351,1.33352
2020-11-26 10:19:00,1.33235,1.33235,1.33218,1.33232
2020-11-26 11:19:00,1.33316,1.33321,1.333,1.333
2020-11-26 12:19:00,1.33507,1.33528,1.33507,1.33527
2020-11-26 13:19:00,1.33485,1.33488,1.33483,1.33486
2020-11-26 14:19:00,1.3353,1.3353,1.33527,1.33527
2020-11-26 15:19:00,1.33576,1.33578,1.33573,1.33573
2020-11-26 16:19:00,1.33567,1.33572,1.33567,1.33569
2020-11-26 17:20:00,1.33526,1.33526,1.33511,1.33511
2020-11-26 18:20:00,1.33547,1.33547,1.33538,1.33539
2020-11-26 19:20:00,1.33516,1.33519,1.33509,1.3351
2020-11-26 20:20:00,1.33556,1.33557,1.33539,1.33542
2020-11-26 21:20:00,1.33562,1.33565,1.33556,1.33559
2020-11-26 22:20:00,1.33668,1.3367,1.33663,1.33667
2020-11-26 23:20:00,1.33699,1.33707,1.33699,1.33705
2020-11-27 00:20:00,1.33681,1.33683,1.33677,1.33678
2020-11-27 01:20:00,1.3375,1.33755,1.33748,1.33755
2020-11-27 02:20:00,1.33662,1.3367,1.33661,1.33667
2020-11-27 03:20:00,1.33728,1.33728,1.33694,1.33695
2020-11-27 04:20:00,1.33687,1.33687,1.33677,1.33678
2020-11-27 05:20:00,1.33541,1.33543,1.33455,1.3347
2020-11-27 06:20:00,1.33321,1.33349,1.33319,1.33347
2020-11-27 07:20:00,1.33195,1.33212,1.3319,1.33194
2020-11-27 08:20:00,1.33255,1.33255,1.33239,1.33244
2020-11-27 09:20:00,1.33417,1.33423,1.33403,1.33415
2020-11-27 10:20:00,1.33463,1.33494,1.33455,1.33455
2020-11-27 11:20:00,1.33335,1.33363,1.33335,1.3336
2020-11-27 12:20:00,1.33058,1.33058,1.32998,1.33008
2020-11-27 13:20:00,1.32971,1.32985,1.3296,1.3296
2020-11-27 14:20:00,1.33028,1.33031,1.33028,1.33029
2020-11-27 15:20:00,1.33029,1.3303,1.33028,1.33029
2020-11-27 16:20:00,1.33003,1.33014,1.33003,1.33009
2020-11-29 17:20:00,1.332,1.33212,1.33198,1.33198
2020-11-29 18:20:00,1.33261,1.33264,1.33258,1.33263
2020-11-29 19:20:00,1.33269,1.33271,1.33249,1.33255
2020-11-29 20:20:00,1.33302,1.33306,1.333,1.33301
2020-11-29 21:20:00,1.33362,1.3337,1.33361,1.33365
2020-11-29 22:20:00,1.33423,1.33423,1.33413,1.33421
2020-11-29 23:20:00,1.33366,1.33369,1.33365,1.33368
2020-11-30 00:20:00,1.33382,1.33391,1.33382,1.33383
2020-11-30 01:20:00,1.33412,1.33422,1.33409,1.33422
2020-11-30 02:20:00,1.33538,1.33538,1.33511,1.33512
2020-11-30 03:20:00,1.3342,1.33421,1.33366,1.3337
2020-11-30 04:20:00,1.33152,1.33154,1.33105,1.33107
2020-11-30 05:20:00,1.33219,1.33239,1.33188,1.33188
2020-11-30 06:20:00,1.33482,1.33488,1.33469,1.3347
2020-11-30 07:20:00,1.33491,1.33495,1.33475,1.33476
2020-11-30 08:20:00,1.33448,1.33483,1.33437,1.33456
2020-11-30 09:20:00,1.3365,1.3368,1.33649,1.33671
2020-11-30 10:20:00,1.33721,1.33729,1.33692,1.33702
2020-11-30 11:20:00,1.33399,1.33424,1.33372,1.33373
2020-11-30 12:20:00,1.33453,1.33462,1.33431,1.33438
2020-11-30 13:20:00,1.33496,1.33497,1.33487,1.33491
2020-11-30 14:20:00,1.33391,1.33404,1.33383,1.33404
2020-11-30 15:20:00,1.33361,1.33361,1.33343,1.3335
2020-11-30 16:20:00,1.33259,1.33271,1.33259,1.33271
2020-11-30 17:20:00,1.3328,1.33285,1.33279,1.33285
2020-11-30 18:20:00,1.33273,1.33274,1.33271,1.33273
